Player,mvp_probability,WS,team_win_pct
Shai Gilgeous-Alexander,0.9803707051765681,15.2,0.78
Nikola Jokić,0.9680393669081284,14.9,0.659
Luka Dončić,0.8182379286764129,9.5,0.646
Victor Wembanyama,0.771278815704362,10.0,0.756
Jaylen Brown,0.5926897579258337,6.9,0.683
Cade Cunningham,0.5803548786758286,7.9,0.732
Kevin Durant,0.3491968274714384,10.7,0.634
Alperen Şengün,0.17675721228356284,8.0,0.634
Donovan Mitchell,0.15726232594716302,8.2,0.634
Jalen Brunson,0.12901017978765644,8.8,0.646
Jamal Murray,0.12601009956945225,9.5,0.659
Tyrese Maxey,0.10429077637765943,8.7,0.549
Anthony Edwards,0.08106649682741053,6.5,0.598
Jalen Johnson,0.07599577660718511,7.5,0.561
Amen Thompson,0.07114771388428595,10.3,0.634
Chet Holmgren,0.06975661748580476,9.1,0.78
Karl-Anthony Towns,0.06252676155006846,9.5,0.646
Kawhi Leonard,0.047724247511744436,9.2,0.512
LeBron James,0.034355020621474955,5.4,0.646
Stephon Castle,0.033103189476803636,5.8,0.756
De'Aaron Fox,0.030784695825241258,6.4,0.756
Deni Avdija,0.02687428387922013,7.0,0.512
Julius Randle,0.021761216759426237,7.4,0.598
Scottie Barnes,0.021448839779235677,7.8,0.561
Paolo Banchero,0.013414191584649331,5.0,0.549
Evan Mobley,0.01218138785440754,6.5,0.634
Brandon Ingram,0.005535013288891973,4.6,0.561
Derrick White,0.004414629315853414,7.0,0.683
Desmond Bane,0.00362889721506283,7.4,0.549
Payton Pritchard,0.003603564404425138,8.5,0.683
Neemias Queta,0.002871462894542075,9.0,0.683
LaMelo Ball,0.0026256146677939548,6.2,0.537
Bam Adebayo,0.002610581720932449,6.4,0.524
Ausar Thompson,0.002013485862932561,5.7,0.732
Nickeil Alexander-Walker,0.0018299157550362539,6.3,0.561
Rudy Gobert,0.0017507667314582685,8.7,0.598
OG Anunoby,0.0016201252623477243,6.3,0.646
Mikal Bridges,0.001413937972998552,8.0,0.646
Brandon Miller,0.0011637480701760425,4.5,0.537
Tobias Harris,0.0010464220170099908,5.3,0.732
Jabari Smith Jr.,0.0010201637484398205,6.6,0.634
Keldon Johnson,0.0009995920078589924,6.4,0.756
Kon Knueppel,0.0009368352226053359,8.0,0.537
Dyson Daniels,0.0008353955413223438,6.6,0.561
Jaden McDaniels,0.0007297237376833531,5.2,0.598
Dylan Harper,0.0007273626344648453,4.2,0.756
Josh Hart,0.0006477928876239413,6.1,0.646
Devin Vassell,0.0006121299904485295,4.9,0.756
Onyeka Okongwu,0.0005904663977007013,6.0,0.561
Miles Bridges,0.0005282535473546456,6.5,0.537
Donovan Clingan,0.0004972153467727007,8.6,0.512
Immanuel Quickley,0.00044417541864158217,6.5,0.561
Zion Williamson,0.0004083646246038541,6.1,0.317
VJ Edgecombe,0.0003910068952022366,4.4,0.549
Cooper Flagg,0.00036653073506044573,3.8,0.317
Julian Champagnie,0.00036147257329625714,6.2,0.756
Cason Wallace,0.00032213371399858503,5.2,0.78
Reed Sheppard,0.00027646290783738903,5.9,0.634
Jaime Jaquez Jr.,0.00026905035296825186,4.2,0.524
Duncan Robinson,0.00021253797960923024,6.1,0.732
Paul Reed,0.000193687327448041,4.5,0.732
Andrew Wiggins,0.00018524515402041467,4.6,0.524
Jaylon Tyson,0.00016785163908590733,4.0,0.634
Isaiah Joe,0.00014901282913951515,5.5,0.78
Naz Reid,0.00014840651043555392,4.0,0.598
Anthony Black,0.0001482923850035207,2.6,0.549
Daniss Jenkins,0.00014672486195909502,2.9,0.732
Wendell Carter Jr.,0.00013696383402543732,6.2,0.549
Harrison Barnes,0.00012890941064380498,4.8,0.756
Aaron Wiggins,0.0001122054863524836,2.1,0.78
Ryan Rollins,9.922159931392445e-05,3.4,0.39
Pascal Siakam,9.720063309664693e-05,2.6,0.232
Jaylin Williams,9.259461851054122e-05,4.1,0.78
Trey Murphy III,8.9803027993805e-05,6.0,0.317
John Collins,7.473413216416676e-05,4.6,0.512
Moussa Diabaté,7.342814875245495e-05,7.4,0.537
Donte DiVincenzo,7.298949380410544e-05,5.2,0.598
Ron Holland,7.289046520726931e-05,2.8,0.732
Kel'el Ware,7.152619356989571e-05,6.2,0.524
Luguentz Dort,6.571945547691149e-05,3.0,0.78
Tari Eason,6.433556796477921e-05,2.9,0.634
Jonas Valančiūnas,6.170556875392362e-05,2.9,0.659
Luka Garza,5.5954082327962955e-05,5.3,0.683
Quentin Grimes,4.943254506874894e-05,3.6,0.549
Toumani Camara,4.6164387062960466e-05,4.8,0.512
Sandro Mamukelashvili,4.582981894530933e-05,6.2,0.561
Ryan Kalkbrenner,3.8890351249518676e-05,5.7,0.537
Caris LeVert,3.677657319393678e-05,1.6,0.732
Jake LaRavia,3.469170271272488e-05,3.8,0.646
Tim Hardaway Jr.,3.3947414283079906e-05,4.4,0.659
Javonte Green,3.372855979269268e-05,4.7,0.732
Brandin Podziemski,3.345920108562874e-05,5.1,0.451
DeMar DeRozan,3.185532110575328e-05,5.6,0.268
Tre Jones,3.1596982429203554e-05,5.7,0.378
Jaxson Hayes,3.148282692570797e-05,5.0,0.646
Rui Hachimura,3.120182768745565e-05,3.2,0.646
Matas Buzelis,3.0378315897623343e-05,2.6,0.378
Pelle Larsson,2.8598127544120105e-05,4.1,0.524
Sam Hauser,2.665093740557932e-05,5.0,0.683
Marcus Smart,2.4926376995804306e-05,2.0,0.646
Bruce Brown,2.3747923663847025e-05,2.9,0.659
Davion Mitchell,2.3084474278822322e-05,4.3,0.524
Jordan Walsh,1.4174466534649808e-05,3.8,0.683
Saddiq Bey,1.384617267594192e-05,5.4,0.317
Dominick Barlow,1.351150897727833e-05,3.9,0.549
Naji Marshall,1.198465890428049e-05,4.3,0.317
Derik Queen,1.1388104231476589e-05,2.7,0.317
Jordan Clarkson,1.064206270000158e-05,1.9,0.646
Goga Bitadze,9.908793330664627e-06,4.4,0.549
Baylor Scheierman,9.75742554467134e-06,3.8,0.683
Tristan Da Silva,9.306769846388864e-06,3.3,0.549
Andre Drummond,8.87372696737447e-06,3.4,0.549
Kris Dunn,8.267512242210638e-06,4.0,0.512
Zaccharie Risacher,8.175916231211832e-06,2.3,0.561
Jordan Miller,8.133870999010382e-06,3.5,0.512
Bones Hyland,7.63134632572552e-06,3.1,0.598
Draymond Green,7.1873000418514395e-06,1.7,0.451
Russell Westbrook,7.110966191273255e-06,0.4,0.268
Craig Porter Jr.,6.3927826961627954e-06,2.8,0.634
Carter Bryant,6.071341999324339e-06,1.3,0.756
Kyle Kuzma,5.999490633713692e-06,1.9,0.39
Nic Claxton,5.942699293972594e-06,4.8,0.244
Spencer Jones,5.621600969299122e-06,2.6,0.659
Nae'Qwan Tomlin,5.118279351877355e-06,2.2,0.634
Jeremiah Fears,5.098745088110763e-06,0.6,0.317
Clint Capela,5.026212311540703e-06,3.0,0.634
Thomas Bryant,4.86980325362394e-06,2.3,0.634
Jamal Shead,4.787856709239426e-06,2.7,0.561
Myles Turner,4.454519860483925e-06,3.0,0.39
Bobby Portis,4.441102379637031e-06,2.8,0.39
Jarred Vanderbilt,4.082266368794664e-06,1.8,0.646
Moses Moody,3.828757673477195e-06,3.1,0.451
Brandon Williams,3.6911300359971754e-06,2.5,0.317
Adem Bona,3.651006700337072e-06,2.9,0.549
Hugo González,3.627930139424217e-06,2.2,0.683
Gui Santos,3.5196877001781846e-06,2.7,0.451
Maxime Raynaud,3.4120868376854833e-06,3.6,0.268
Brook Lopez,3.396801900544819e-06,2.3,0.512
Cedric Coward,3.1307061640863947e-06,2.5,0.305
Ja'Kobe Walter,2.916271443716175e-06,3.7,0.561
Tyler Kolek,2.8484107905030487e-06,1.4,0.646
Josh Okogie,2.5846703259781314e-06,2.7,0.634
Gary Payton II,2.1754916423848004e-06,3.5,0.451
Dru Smith,2.044214553221083e-06,3.0,0.524
Simone Fontecchio,1.7103373955395335e-06,2.6,0.524
Kyle Filipowski,1.682274346090291e-06,3.1,0.268
Cam Spencer,1.5327659598283034e-06,5.3,0.305
Mouhamed Gueye,1.3940488547948196e-06,2.7,0.561
Kobe Sanders,1.3839391228478692e-06,1.4,0.512
Sion James,1.2748835331457034e-06,3.1,0.537
Justin Edwards,1.147574649281487e-06,1.7,0.549
Gradey Dick,1.128752548027265e-06,1.4,0.561
Pat Spencer,1.076609794399454e-06,1.4,0.451
Mohamed Diawara,1.0187107829235956e-06,0.9,0.646
Precious Achiuwa,9.715907183997059e-07,2.9,0.268
Quinten Post,9.251683263849087e-07,1.9,0.451
Max Christie,8.415718191349953e-07,2.7,0.317
Jaylen Clark,8.330086825660383e-07,1.7,0.598
Brice Sensabaugh,8.177256120702413e-07,1.1,0.268
Day'Ron Sharpe,8.111697084009503e-07,3.5,0.244
Ace Bailey,8.060611013826283e-07,-0.1,0.268
Isaac Okoro,6.426909832823399e-07,2.2,0.378
Jabari Walker,6.38469461610936e-07,1.7,0.549
Will Richard,6.279239223962921e-07,2.5,0.451
Jaylen Wells,5.941284686396027e-07,1.6,0.305
Sidy Cissoko,5.76144853495629e-07,1.3,0.512
A.J. Green,4.3722651970719223e-07,2.4,0.39
Yves Missi,4.009912127490507e-07,2.7,0.317
Malik Monk,3.721519137624992e-07,1.0,0.268
Jay Huff,3.6528225096296503e-07,3.2,0.232
Jamison Battle,2.931709744717436e-07,0.9,0.561
Noah Clowney,2.8770526519578553e-07,1.1,0.244
Jarace Walker,2.710977816401017e-07,0.5,0.232
Nicolas Batum,2.3746903526399308e-07,1.8,0.512
Ryan Nembhard,1.9032293889129846e-07,0.8,0.317
Cody Williams,1.4825735950428901e-07,0.1,0.268
Karlo Matković,1.447293021016543e-07,2.7,0.317
Justin Champagnie,1.4321717820345696e-07,3.1,0.207
Klay Thompson,1.3781589651661025e-07,0.5,0.317
Bub Carrington,1.321071363885893e-07,-0.4,0.207
Tre Johnson,1.215211743540473e-07,-0.7,0.207
Patrick Williams,1.1761211102305896e-07,-0.1,0.378
Nique Clifford,1.0878555371643217e-07,-0.6,0.268
Terance Mann,8.810531942616979e-08,1.8,0.244
Gary Trent Jr.,7.841731842208475e-08,-0.1,0.39
Dwight Powell,7.74953590570124e-08,2.6,0.317
Will Riley,7.703260939567501e-08,0.4,0.207
Ben Sheppard,2.5300913090347973e-08,1.4,0.232
Drake Powell,2.2753226887282882e-08,-0.1,0.244
Micah Peavy,2.2035194738419194e-08,0.4,0.317
Jalen Duren,,11.0,0.732
Luke Kornet,,6.9,0.756
Deandre Ayton,,6.2,0.646
Mitchell Robinson,,5.8,0.646
Jericho Sims,,3.2,0.39
Oso Ighodaro,,4.7,
Collin Gillespie,,6.2,
Luke Kennard,,4.5,
Royce O'Neale,,4.6,
CJ McCollum,,3.0,
Keon Ellis,,2.2,
Dennis Schröder,,1.5,
Jordan Goodwin,,3.9,
James Harden,,7.7,
Ryan Dunn,,2.6,
Ayo Dosunmu,,4.9,
Walter Clayton,,0.3,
Kevin Huerter,,2.5,
Jose Alvarado,,2.2,
Collin Sexton,,3.9,
Jock Landale,,3.8,
Guerschon Yabusele,,1.4,
Jared McCain,,1.5,
Tyus Jones,,1.0,
Rob Dillingham,,-1.1,
Vít Krejčí,,2.9,
Devin Booker,,6.5,
Nikola Vučević,,4.4,
Rayan Rupert,,0.6,
Khris Middleton,,0.3,
Ochai Agbaji,,0.9,
Kobe Brown,,1.3,
Marvin Bagley III,,3.8,
Mark Williams,,6.3,
