Rk,Player,Age,Team,Pos,G,GS,MP,FG,FGA,FG%,3P,3PA,3P%,2P,2PA,2P%,eFG%,FT,FTA,FT%,ORB,DRB,TRB,AST,STL,BLK,TOV,PF,PTS,Awards,team_win_pct,PTS_norm,AST_norm,TRB_norm,STL_norm,BLK_norm,FG%_norm,team_win_pct_norm,3P%_norm,3PA_norm,TOV_norm,eFG%_norm,2P%_norm,2PA_norm,MP_norm,FT%_norm,GS_norm,mvp_score
2.0,Shai Gilgeous-Alexander,27.0,OKC,PG,68.0,68.0,33.2,10.8,19.4,0.553,1.7,4.4,0.386,9.1,15.0,0.602,0.597,7.9,9.0,0.879,0.6,3.7,4.3,6.6,1.4,0.8,2.2,2.0,31.1,"MVP-1,CPOY-1,AS,NBA1",0.78,0.9283582089552239,0.616822429906542,0.3333333333333333,0.5185185185185185,0.25806451612903225,0.6638655462184875,1.0,0.386,0.3893805309734513,0.55,0.6510359869138495,0.602,0.9375,0.8681318681318682,0.879,0.8292682926829268,0.8315574732037365
17.0,Victor Wembanyama,22.0,SAS,C,64.0,55.0,29.2,8.6,16.9,0.512,1.9,5.5,0.349,6.7,11.4,0.59,0.569,5.8,7.0,0.827,2.0,9.5,11.5,3.1,1.0,3.1,2.4,2.4,25.0,"MVP-3,DPOY-1,AS,NBA1,DEF1",0.756,0.746268656716418,0.28971962616822433,0.8914728682170543,0.37037037037037035,1.0,0.6146458583433374,0.9581151832460733,0.349,0.48672566371681414,0.6,0.6205016357688112,0.59,0.7125,0.7582417582417582,0.827,0.6707317073170732,0.8060399940632225
8.0,Nikola Jokić,30.0,DEN,C,65.0,65.0,34.8,9.9,17.4,0.569,1.7,4.5,0.38,8.2,12.9,0.636,0.618,6.1,7.4,0.831,3.0,9.9,12.9,10.7,1.4,0.8,3.7,2.7,27.7,"MVP-2,CPOY-6,AS,NBA1",0.659,0.826865671641791,1.0,1.0,0.5185185185185185,0.25806451612903225,0.6830732292917167,0.7888307155322862,0.38,0.3982300884955752,0.925,0.6739367502726281,0.636,0.80625,0.912087912087912,0.831,0.7926829268292683,0.8017597865036434
1.0,Luka Dončić,26.0,LAL,PG,64.0,64.0,35.8,10.8,22.8,0.476,4.0,10.8,0.366,6.9,11.9,0.575,0.563,7.9,10.1,0.78,0.6,7.1,7.7,8.3,1.6,0.5,4.0,2.4,33.5,"MVP-4,CPOY-8,AS,NBA1",0.646,1.0,0.7757009345794393,0.5968992248062015,0.5925925925925926,0.16129032258064516,0.5714285714285714,0.7661431064572426,0.366,0.9557522123893806,1.0,0.6139585605234459,0.575,0.74375,0.9395604395604394,0.78,0.7804878048780488,0.7894104265301027
21.0,Cade Cunningham,24.0,DET,PG,64.0,64.0,33.9,8.6,18.6,0.461,2.0,5.7,0.342,6.6,12.9,0.514,0.513,4.8,6.0,0.812,0.9,4.7,5.5,9.9,1.4,0.8,3.7,3.1,23.9,"MVP-5,CPOY-4,AS,NBA1",0.732,0.7134328358208955,0.9252336448598132,0.4263565891472868,0.5185185185185185,0.25806451612903225,0.553421368547419,0.9162303664921465,0.342,0.504424778761062,0.925,0.559432933478735,0.514,0.80625,0.8873626373626373,0.812,0.7804878048780488,0.7714140141466203
4.0,Jaylen Brown,29.0,BOS,SF,71.0,71.0,34.4,10.4,21.7,0.477,2.0,5.7,0.347,8.4,16.0,0.523,0.522,6.0,7.5,0.795,1.1,5.8,6.9,5.1,1.0,0.4,3.6,2.7,28.7,"MVP-6,AS,NBA2",0.683,0.8567164179104477,0.4766355140186916,0.5348837209302326,0.37037037037037035,0.12903225806451613,0.5726290516206483,0.830715532286213,0.347,0.504424778761062,0.9,0.569247546346783,0.523,1.0,0.901098901098901,0.795,0.8658536585365854,0.7381633698792295
72.0,Chet Holmgren,23.0,OKC,PF,69.0,69.0,28.9,6.3,11.3,0.557,1.3,3.5,0.362,5.0,7.8,0.646,0.614,3.3,4.1,0.792,1.9,7.0,8.9,1.7,0.6,1.9,1.6,2.3,17.1,"DPOY-2,AS,NBA3,DEF1",0.78,0.5104477611940299,0.15887850467289721,0.689922480620155,0.2222222222222222,0.6129032258064515,0.6686674669867948,1.0,0.362,0.30973451327433627,0.4,0.6695747001090512,0.646,0.4875,0.75,0.792,0.8414634146341463,0.7121983432787597
16.0,Jamal Murray,28.0,DEN,PG,75.0,75.0,35.4,8.8,18.1,0.483,3.3,7.5,0.435,5.5,10.6,0.517,0.573,4.6,5.2,0.887,0.4,4.0,4.4,7.1,0.9,0.4,2.3,1.7,25.4,"CPOY-2,AS,NBA3",0.659,0.7582089552238805,0.6635514018691588,0.34108527131782945,0.3333333333333333,0.12903225806451613,0.5798319327731093,0.7888307155322862,0.435,0.663716814159292,0.575,0.6248636859323882,0.517,0.6625,0.9285714285714285,0.887,0.9146341463414634,0.6953884908562253
79.0,Stephon Castle,21.0,SAS,PG,68.0,67.0,30.0,5.7,12.0,0.471,1.2,3.6,0.332,4.5,8.4,0.531,0.521,4.1,5.6,0.734,1.4,3.9,5.3,7.4,1.1,0.3,3.2,3.3,16.7,,0.756,0.49850746268656715,0.691588785046729,0.4108527131782945,0.40740740740740744,0.0967741935483871,0.5654261704681872,0.9581151832460733,0.332,0.3185840707964602,0.8,0.5681570338058888,0.531,0.525,0.7802197802197802,0.734,0.8170731707317073,0.6942351609712741
56.0,De'Aaron Fox,28.0,SAS,PG,72.0,72.0,31.0,7.1,14.5,0.486,1.8,5.5,0.332,5.3,9.1,0.58,0.549,2.6,3.4,0.76,0.6,3.2,3.8,6.2,1.2,0.3,2.3,2.3,18.6,AS,0.756,0.555223880597015,0.5794392523364487,0.2945736434108527,0.4444444444444444,0.0967741935483871,0.5834333733493398,0.9581151832460733,0.332,0.48672566371681414,0.575,0.598691384950927,0.58,0.56875,0.8076923076923077,0.76,0.8780487804878049,0.6935228374667204
49.0,Jalen Duren,22.0,DET,C,70.0,70.0,28.2,7.5,11.5,0.65,0.0,0.0,,7.5,11.5,0.65,0.65,4.6,6.1,0.747,3.8,6.7,10.5,2.0,0.8,0.8,1.9,2.8,19.5,"DPOY-11,AS,NBA3",0.732,0.582089552238806,0.1869158878504673,0.813953488372093,0.2962962962962963,0.25806451612903225,0.7803121248499401,0.9162303664921465,,0.0,0.475,0.7088331515812432,0.65,0.71875,0.7307692307692307,0.747,0.8536585365853658,0.6932195839144303
7.0,Donovan Mitchell,29.0,CLE,SG,70.0,70.0,33.5,9.7,20.0,0.483,3.2,8.8,0.364,6.5,11.2,0.577,0.563,5.3,6.1,0.865,0.7,3.8,4.5,5.7,1.5,0.3,2.8,2.3,27.9,"MVP-7,AS,NBA2",0.634,0.8328358208955223,0.5327102803738318,0.3488372093023256,0.5555555555555555,0.0967741935483871,0.5798319327731093,0.7452006980802792,0.364,0.7787610619469026,0.7,0.6139585605234459,0.577,0.7,0.8763736263736264,0.865,0.8536585365853658,0.6887602294639243
15.0,Kevin Durant,37.0,HOU,SF,78.0,78.0,36.4,9.2,17.6,0.52,2.4,5.8,0.413,6.8,11.9,0.572,0.588,5.2,6.0,0.874,0.5,4.9,5.5,4.8,0.8,0.9,3.2,1.8,26.0,"CPOY-9,AS,NBA2",0.634,0.7761194029850746,0.4485981308411215,0.4263565891472868,0.2962962962962963,0.2903225806451613,0.624249699879952,0.7452006980802792,0.413,0.5132743362831858,0.8,0.6412213740458015,0.572,0.74375,0.956043956043956,0.874,0.9512195121951219,0.6827104444486984
14.0,Jalen Brunson,29.0,NYK,PG,74.0,74.0,35.0,9.3,19.9,0.467,2.6,7.1,0.369,6.7,12.8,0.522,0.533,4.8,5.7,0.841,0.4,2.9,3.3,6.8,0.8,0.1,2.4,2.3,26.0,"CPOY-5,AS,NBA2",0.646,0.7761194029850746,0.6355140186915889,0.25581395348837205,0.2962962962962963,0.03225806451612903,0.56062424969988,0.7661431064572426,0.369,0.6283185840707964,0.6,0.5812431842966194,0.522,0.8,0.9175824175824175,0.841,0.9024390243902439,0.6750866880956707
3.0,Anthony Edwards,24.0,MIN,SG,61.0,60.0,35.0,9.9,20.2,0.489,3.4,8.4,0.399,6.5,11.8,0.554,0.572,5.7,7.2,0.796,0.6,4.4,5.0,3.7,1.4,0.8,2.9,1.9,28.8,"CPOY-3,AS",0.598,0.8597014925373134,0.3457943925233645,0.38759689922480617,0.5185185185185185,0.25806451612903225,0.5870348139255702,0.6823734729493891,0.399,0.743362831858407,0.725,0.623773173391494,0.554,0.7375,0.9175824175824175,0.796,0.7317073170731707,0.6680415052335325
40.0,Alperen Şengün,23.0,HOU,C,72.0,72.0,33.3,8.1,15.6,0.519,0.6,1.8,0.305,7.5,13.8,0.547,0.537,3.6,5.2,0.691,3.0,5.9,8.9,6.2,1.2,1.1,3.2,3.3,20.4,AS,0.634,0.608955223880597,0.5794392523364487,0.689922480620155,0.4444444444444444,0.3548387096774194,0.6230492196878752,0.7452006980802792,0.305,0.1592920353982301,0.8,0.5856052344601963,0.547,0.8625,0.8708791208791208,0.691,0.8780487804878049,0.6661989002861259
34.0,LeBron James,41.0,LAL,SF,60.0,60.0,33.2,7.9,15.3,0.515,1.3,4.1,0.317,6.6,11.3,0.586,0.557,3.9,5.3,0.737,0.7,5.4,6.1,7.2,1.2,0.6,3.0,1.4,20.9,AS,0.646,0.6238805970149254,0.6728971962616823,0.4728682170542635,0.4444444444444444,0.1935483870967742,0.6182472989195679,0.7661431064572426,0.317,0.3628318584070796,0.75,0.6074154852780808,0.586,0.70625,0.8681318681318682,0.737,0.7317073170731707,0.6632685067976765
5.0,Tyrese Maxey,25.0,PHI,PG,70.0,70.0,38.0,9.9,21.4,0.462,3.1,8.6,0.367,6.8,12.9,0.525,0.536,5.3,6.0,0.892,0.3,3.8,4.1,6.6,1.9,0.8,2.4,2.2,28.3,"CPOY-7,AS,NBA3",0.549,0.8447761194029851,0.616822429906542,0.31782945736434104,0.7037037037037036,0.25806451612903225,0.5546218487394958,0.5968586387434556,0.367,0.7610619469026548,0.6,0.5845147219193021,0.525,0.80625,1.0,0.892,0.8536585365853658,0.6507533392889479
46.0,Karl-Anthony Towns,30.0,NYK,C,75.0,75.0,31.0,6.9,13.8,0.501,1.5,4.1,0.368,5.4,9.7,0.557,0.556,4.8,5.5,0.858,3.1,8.7,11.9,3.0,0.9,0.5,2.5,3.4,20.1,AS,0.646,0.6000000000000001,0.28037383177570097,0.9224806201550387,0.3333333333333333,0.16129032258064516,0.6014405762304922,0.7661431064572426,0.368,0.3628318584070796,0.625,0.6063249727371866,0.557,0.60625,0.8076923076923077,0.858,0.9146341463414634,0.64874102069018
25.0,Jalen Johnson,24.0,ATL,SF,72.0,72.0,35.2,8.3,17.1,0.489,1.7,4.7,0.352,6.7,12.3,0.541,0.537,4.2,5.3,0.788,1.4,8.9,10.3,7.9,1.2,0.4,3.4,2.1,22.5,"AS,NBA3",0.561,0.6716417910447762,0.7383177570093459,0.7984496124031009,0.4444444444444444,0.12903225806451613,0.5870348139255702,0.617801047120419,0.352,0.415929203539823,0.85,0.5856052344601963,0.541,0.76875,0.9230769230769231,0.788,0.8780487804878049,0.6430171636547946
82.0,Derrick White,31.0,BOS,SG,77.0,77.0,34.1,5.7,14.4,0.394,2.7,8.3,0.327,3.0,6.1,0.487,0.489,2.4,2.6,0.902,1.1,3.3,4.4,5.4,1.1,1.3,1.7,1.5,16.5,"DPOY-6,DEF1",0.683,0.4925373134328358,0.5046728971962617,0.34108527131782945,0.40740740740740744,0.41935483870967744,0.47298919567827136,0.830715532286213,0.327,0.7345132743362832,0.425,0.5332606324972737,0.487,0.38125,0.8928571428571429,0.902,0.9390243902439024,0.6371674161585421
60.0,Amen Thompson,23.0,HOU,PG,79.0,79.0,37.4,7.1,13.2,0.534,0.3,1.5,0.216,6.7,11.7,0.573,0.545,3.8,4.9,0.779,3.0,4.8,7.8,5.3,1.5,0.6,2.4,2.2,18.3,DPOY-8,0.634,0.5462686567164179,0.4953271028037383,0.6046511627906976,0.5555555555555555,0.1935483870967742,0.6410564225690277,0.7452006980802792,0.216,0.1327433628318584,0.6,0.5943293347873501,0.573,0.73125,0.9835164835164835,0.779,0.9634146341463414,0.6347141011792632
61.0,Evan Mobley,24.0,CLE,PF,65.0,63.0,31.9,7.2,13.2,0.546,1.0,3.2,0.297,6.3,10.0,0.626,0.582,2.8,4.6,0.606,2.4,6.6,9.0,3.6,0.7,1.7,1.9,2.4,18.2,,0.634,0.5432835820895522,0.33644859813084116,0.6976744186046512,0.25925925925925924,0.5483870967741935,0.6554621848739497,0.7452006980802792,0.297,0.2831858407079646,0.475,0.6346782988004361,0.626,0.625,0.8324175824175823,0.606,0.7682926829268293,0.6323345016266779
119.0,Devin Vassell,25.0,SAS,SG,67.0,65.0,30.5,4.9,11.3,0.437,2.5,6.4,0.384,2.4,4.8,0.508,0.547,1.6,1.9,0.815,0.6,3.4,4.0,2.5,0.9,0.4,0.9,1.6,13.9,,0.756,0.41492537313432837,0.23364485981308414,0.31007751937984496,0.3333333333333333,0.12903225806451613,0.524609843937575,0.9581151832460733,0.384,0.5663716814159292,0.225,0.5965103598691385,0.508,0.3,0.7939560439560439,0.815,0.7926829268292683,0.6241805871812547
75.0,Payton Pritchard,28.0,BOS,PG,79.0,50.0,32.4,6.4,13.8,0.464,2.7,7.1,0.377,3.7,6.7,0.556,0.561,1.5,1.7,0.89,0.9,3.1,3.9,5.2,0.7,0.1,1.4,1.5,17.0,,0.683,0.5074626865671642,0.485981308411215,0.3023255813953488,0.25925925925925924,0.03225806451612903,0.5570228091236495,0.830715532286213,0.377,0.6283185840707964,0.35,0.6117775354416576,0.556,0.41875,0.8461538461538461,0.89,0.6097560975609756,0.6147264711174034
31.0,Julius Randle,31.0,MIN,PF,79.0,79.0,33.0,7.3,15.3,0.481,1.4,4.4,0.315,6.0,10.9,0.547,0.526,5.0,6.3,0.802,1.7,5.1,6.7,5.0,1.1,0.2,2.7,2.8,21.1,,0.598,0.6298507462686568,0.4672897196261683,0.5193798449612403,0.40740740740740744,0.06451612903225806,0.5774309723889556,0.6823734729493891,0.315,0.3893805309734513,0.675,0.5736095965103599,0.547,0.68125,0.8626373626373627,0.802,0.9634146341463414,0.6077727987112107
137.0,Tobias Harris,33.0,DET,PF,63.0,63.0,27.7,4.9,10.5,0.469,1.3,3.5,0.368,3.6,6.9,0.521,0.531,2.2,2.5,0.866,0.9,4.3,5.1,2.5,0.9,0.4,1.0,1.7,13.3,,0.732,0.3970149253731344,0.23364485981308414,0.3953488372093023,0.3333333333333333,0.12903225806451613,0.5630252100840336,0.9162303664921465,0.368,0.30973451327433627,0.25,0.579062159214831,0.521,0.43125,0.717032967032967,0.866,0.7682926829268293,0.6038469017923582
167.0,Dylan Harper,19.0,SAS,SG,69.0,4.0,22.6,4.8,9.5,0.505,0.9,2.6,0.343,3.9,6.9,0.565,0.551,1.3,1.7,0.756,0.8,2.6,3.4,3.9,0.8,0.3,1.4,2.0,11.8,"ROY-4,6MOY-11",0.756,0.3522388059701493,0.36448598130841126,0.2635658914728682,0.2962962962962963,0.0967741935483871,0.6062424969987995,0.9581151832460733,0.343,0.23008849557522124,0.35,0.6008724100327154,0.565,0.43125,0.576923076923077,0.756,0.04878048780487805,0.6026858795014116
138.0,Keldon Johnson,26.0,SAS,SF,82.0,0.0,23.3,5.0,9.7,0.519,1.2,3.3,0.363,3.8,6.4,0.601,0.582,1.9,2.4,0.794,1.7,3.7,5.4,1.4,0.6,0.1,0.9,2.0,13.2,6MOY-1,0.756,0.3940298507462686,0.1308411214953271,0.4186046511627907,0.2222222222222222,0.03225806451612903,0.6230492196878752,0.9581151832460733,0.363,0.29203539823008845,0.225,0.6346782988004361,0.601,0.4,0.5961538461538461,0.794,0.0,0.6024870720633647
183.0,Julian Champagnie,24.0,SAS,SF,82.0,68.0,27.6,3.7,8.4,0.437,2.4,6.2,0.381,1.3,2.2,0.599,0.578,1.4,1.6,0.844,0.9,4.9,5.8,1.5,0.8,0.5,0.8,1.6,11.1,,0.756,0.33134328358208953,0.14018691588785048,0.44961240310077516,0.2962962962962963,0.16129032258064516,0.524609843937575,0.9581151832460733,0.381,0.5486725663716814,0.2,0.6303162486368592,0.599,0.1375,0.7142857142857143,0.844,0.8292682926829268,0.6018951109008548
219.0,Ausar Thompson,23.0,DET,SF,73.0,72.0,26.0,4.2,7.9,0.525,0.1,0.3,0.25,4.1,7.6,0.537,0.53,1.5,2.6,0.571,2.1,3.7,5.7,3.1,2.0,0.9,1.5,2.7,9.9,"DPOY-3,DEF1",0.732,0.2955223880597015,0.28971962616822433,0.4418604651162791,0.7407407407407407,0.2903225806451613,0.6302521008403362,0.9162303664921465,0.25,0.026548672566371678,0.375,0.5779716466739367,0.537,0.475,0.6703296703296703,0.571,0.8780487804878049,0.5992695909200109
26.0,Paolo Banchero,23.0,ORL,PF,72.0,72.0,34.8,7.3,16.0,0.459,1.2,3.8,0.305,6.2,12.2,0.507,0.496,6.3,8.2,0.775,1.2,7.2,8.4,5.2,0.7,0.6,3.1,2.0,22.2,,0.549,0.6626865671641791,0.485981308411215,0.6511627906976745,0.25925925925925924,0.1935483870967742,0.5510204081632654,0.5968586387434556,0.305,0.33628318584070793,0.775,0.5408942202835333,0.507,0.7625,0.912087912087912,0.775,0.8780487804878049,0.5979500839966403
6.0,Kawhi Leonard,34.0,LAC,SF,65.0,65.0,32.1,9.8,19.4,0.505,2.6,6.8,0.387,7.1,12.5,0.569,0.573,5.7,6.4,0.892,1.1,5.3,6.4,3.6,1.9,0.4,2.0,1.2,27.9,"MVP-7,CPOY-10,AS,NBA2",0.512,0.8328358208955223,0.33644859813084116,0.49612403100775193,0.7037037037037036,0.12903225806451613,0.6062424969987995,0.5322862129144852,0.387,0.6017699115044247,0.5,0.6248636859323882,0.569,0.78125,0.8379120879120879,0.892,0.7926829268292683,0.5971634277679397
257.0,Cason Wallace,22.0,OKC,SG,77.0,58.0,26.6,3.3,7.6,0.432,1.3,3.7,0.351,2.0,3.8,0.51,0.518,0.7,0.9,0.809,0.8,2.3,3.1,2.6,1.9,0.4,0.9,2.0,8.6,"DPOY-7,DEF2",0.78,0.25671641791044775,0.2429906542056075,0.24031007751937986,0.7037037037037036,0.12903225806451613,0.5186074429771909,1.0,0.351,0.3274336283185841,0.225,0.564885496183206,0.51,0.2375,0.6868131868131868,0.809,0.7073170731707317,0.5952861567639136
62.0,Scottie Barnes,24.0,TOR,PF,80.0,80.0,33.5,7.1,14.0,0.507,0.9,2.8,0.304,6.3,11.2,0.557,0.537,3.0,3.7,0.815,1.9,5.6,7.5,5.9,1.4,1.5,2.6,2.6,18.1,"DPOY-5,AS,DEF2",0.561,0.5402985074626866,0.5514018691588786,0.5813953488372093,0.5185185185185185,0.48387096774193544,0.6086434573829532,0.617801047120419,0.304,0.247787610619469,0.65,0.5856052344601963,0.557,0.7,0.8763736263736264,0.815,0.975609756097561,0.5922956597401683
18.0,Deni Avdija,25.0,POR,SF,66.0,66.0,33.3,7.5,16.1,0.462,1.9,6.0,0.318,5.6,10.2,0.547,0.521,7.4,9.2,0.802,1.1,5.8,6.9,6.7,0.8,0.6,3.8,2.5,24.2,AS,0.512,0.7223880597014926,0.6261682242990655,0.5348837209302326,0.2962962962962963,0.1935483870967742,0.5546218487394958,0.5322862129144852,0.318,0.5309734513274336,0.95,0.5681570338058888,0.547,0.6375,0.8708791208791208,0.802,0.8048780487804879,0.5921910245003396
78.0,OG Anunoby,28.0,NYK,PF,67.0,67.0,33.2,5.8,12.0,0.484,2.3,6.1,0.386,3.5,5.9,0.584,0.581,2.7,3.3,0.828,1.3,4.0,5.2,2.2,1.6,0.7,1.8,2.4,16.7,"DPOY-10,DEF2",0.646,0.49850746268656715,0.20560747663551404,0.40310077519379844,0.5925925925925926,0.2258064516129032,0.581032412965186,0.7661431064572426,0.386,0.5398230088495575,0.45,0.6335877862595419,0.584,0.36875,0.8681318681318682,0.828,0.8170731707317073,0.5897736202567215
184.0,Isaiah Joe,26.0,OKC,SG,71.0,9.0,21.2,3.5,7.6,0.455,2.5,6.0,0.423,0.9,1.6,0.574,0.622,1.5,1.7,0.894,0.5,2.1,2.5,1.3,0.7,0.2,0.6,1.7,11.1,,0.78,0.33134328358208953,0.12149532710280375,0.19379844961240308,0.25925925925925924,0.06451612903225806,0.546218487394958,1.0,0.423,0.5309734513274336,0.15,0.6782988004362049,0.574,0.1,0.5384615384615384,0.894,0.10975609756097561,0.5867142247855798
229.0,Aaron Wiggins,27.0,OKC,SG,65.0,21.0,21.8,3.6,8.2,0.431,1.5,4.2,0.356,2.1,4.1,0.508,0.521,0.8,1.1,0.736,0.6,2.4,3.1,1.7,0.9,0.4,1.2,1.3,9.4,,0.78,0.28059701492537314,0.15887850467289721,0.24031007751937986,0.3333333333333333,0.12903225806451613,0.5174069627851141,1.0,0.356,0.3716814159292035,0.3,0.5681570338058888,0.508,0.25625,0.554945054945055,0.736,0.25609756097560976,0.5818849934994199
319.0,Jaylin Williams,23.0,OKC,PF,65.0,11.0,19.6,2.3,5.4,0.423,1.5,3.9,0.383,0.8,1.5,0.531,0.563,1.1,1.4,0.793,0.5,5.0,5.5,2.4,0.5,0.6,1.0,2.0,7.2,,0.78,0.21492537313432836,0.22429906542056074,0.4263565891472868,0.18518518518518517,0.1935483870967742,0.5078031212484994,1.0,0.383,0.34513274336283184,0.25,0.6139585605234459,0.531,0.09375,0.4945054945054945,0.793,0.13414634146341464,0.5809834774249785
156.0,Duncan Robinson,31.0,DET,SG,77.0,77.0,27.4,4.1,9.1,0.456,2.9,7.0,0.41,1.3,2.1,0.605,0.613,1.1,1.4,0.755,0.4,2.3,2.7,2.1,0.6,0.3,0.7,2.2,12.2,,0.732,0.3641791044776119,0.19626168224299068,0.20930232558139536,0.2222222222222222,0.0967741935483871,0.5474189675870349,0.9162303664921465,0.41,0.6194690265486725,0.175,0.668484187568157,0.605,0.13125,0.7087912087912087,0.755,0.9390243902439024,0.5775469879050229
91.0,Jabari Smith Jr.,22.0,HOU,PF,77.0,77.0,35.1,5.7,12.6,0.45,2.3,6.3,0.363,3.4,6.3,0.537,0.541,2.1,2.7,0.775,1.4,5.5,6.9,1.9,0.7,0.9,1.4,2.5,15.8,,0.634,0.47164179104477616,0.17757009345794392,0.5348837209302326,0.25925925925925924,0.2903225806451613,0.5402160864345739,0.7452006980802792,0.363,0.5575221238938053,0.35,0.5899672846237732,0.537,0.39375,0.9203296703296704,0.775,0.9390243902439024,0.5773395268556334
268.0,Luguentz Dort,26.0,OKC,SF,69.0,69.0,26.8,2.9,7.6,0.385,1.9,5.4,0.344,1.1,2.2,0.487,0.508,0.6,0.8,0.759,0.8,2.7,3.6,1.2,0.9,0.4,0.8,2.6,8.3,,0.78,0.24776119402985078,0.11214953271028037,0.27906976744186046,0.3333333333333333,0.12903225806451613,0.46218487394957986,1.0,0.344,0.4778761061946903,0.2,0.5539803707742639,0.487,0.1375,0.6923076923076923,0.759,0.8414634146341463,0.57729524774206
29.0,Brandon Ingram,28.0,TOR,SF,77.0,77.0,33.8,8.0,16.7,0.477,1.8,4.6,0.382,6.2,12.1,0.512,0.529,3.8,4.6,0.82,0.8,4.8,5.6,3.7,0.8,0.7,2.4,1.9,21.5,AS,0.561,0.6417910447761194,0.3457943925233645,0.4341085271317829,0.2962962962962963,0.2258064516129032,0.5726290516206483,0.617801047120419,0.382,0.4070796460176991,0.6,0.5768811341330425,0.512,0.75625,0.8846153846153846,0.82,0.9390243902439024,0.57515542281268
206.0,Neemias Queta,26.0,BOS,C,76.0,75.0,25.3,4.3,6.6,0.653,0.0,0.1,0.125,4.3,6.5,0.662,0.654,1.6,2.3,0.703,3.0,5.3,8.4,1.7,0.8,1.3,1.0,2.8,10.2,,0.683,0.3044776119402985,0.15887850467289721,0.6511627906976745,0.2962962962962963,0.41935483870967744,0.7839135654261705,0.830715532286213,0.125,0.008849557522123894,0.25,0.7131952017448201,0.662,0.40625,0.6510989010989011,0.703,0.9146341463414634,0.5715704201700446
107.0,Mikal Bridges,29.0,NYK,SF,82.0,82.0,32.8,5.8,11.7,0.49,1.9,5.1,0.371,3.9,6.6,0.582,0.571,1.0,1.2,0.827,1.0,2.8,3.8,3.7,1.3,0.8,1.0,2.0,14.4,,0.646,0.4298507462686567,0.3457943925233645,0.2945736434108527,0.48148148148148145,0.25806451612903225,0.5882352941176471,0.7661431064572426,0.371,0.4513274336283185,0.25,0.6226826608505998,0.582,0.4125,0.8571428571428571,0.827,1.0,0.5712593863078835
217.0,Harrison Barnes,33.0,SAS,PF,77.0,52.0,25.8,3.4,7.5,0.456,1.8,4.6,0.388,1.6,2.8,0.567,0.577,1.3,1.6,0.829,0.8,2.0,2.8,1.9,0.6,0.2,0.8,1.1,9.9,,0.756,0.2955223880597015,0.17757009345794392,0.21705426356589144,0.2222222222222222,0.06451612903225806,0.5474189675870349,0.9581151832460733,0.388,0.4070796460176991,0.2,0.629225736095965,0.567,0.175,0.6648351648351648,0.829,0.6341463414634146,0.5700987144149114
160.0,Josh Hart,30.0,NYK,SF,66.0,52.0,30.2,4.6,9.0,0.508,1.5,3.7,0.413,3.0,5.3,0.574,0.593,1.4,1.9,0.72,1.4,6.0,7.4,4.8,1.1,0.3,1.9,2.5,12.0,,0.646,0.3582089552238806,0.4485981308411215,0.5736434108527132,0.40740740740740744,0.0967741935483871,0.6098439375750301,0.7661431064572426,0.413,0.3274336283185841,0.475,0.6466739367502725,0.574,0.33125,0.7857142857142857,0.72,0.6341463414634146,0.5697675103661894
339.0,Luke Kornet,30.0,SAS,C,68.0,25.0,21.0,2.6,4.0,0.643,0.0,0.0,,2.6,4.0,0.643,0.643,1.4,1.7,0.825,2.7,3.4,6.1,1.9,0.5,1.0,0.4,1.8,6.5,,0.756,0.19402985074626866,0.17757009345794392,0.4728682170542635,0.18518518518518517,0.3225806451612903,0.7719087635054022,0.9581151832460733,,0.0,0.1,0.7011995637949836,0.643,0.25,0.532967032967033,0.825,0.3048780487804878,0.5680507376647358
35.0,Nickeil Alexander-Walker,27.0,ATL,SG,78.0,71.0,33.4,7.0,15.3,0.459,3.2,8.1,0.399,3.8,7.3,0.525,0.564,3.6,3.9,0.902,0.7,2.8,3.4,3.7,1.3,0.5,2.1,2.2,20.8,MIP-1,0.561,0.6208955223880597,0.3457943925233645,0.2635658914728682,0.48148148148148145,0.16129032258064516,0.5510204081632654,0.617801047120419,0.399,0.7168141592920353,0.525,0.6150490730643402,0.525,0.45625,0.8736263736263736,0.902,0.8658536585365854,0.558280811531672
43.0,Bam Adebayo,28.0,MIA,C,73.0,73.0,32.4,6.9,15.7,0.442,1.7,5.5,0.318,5.2,10.2,0.509,0.497,4.5,5.8,0.778,2.0,8.0,10.0,3.2,1.2,0.7,1.6,1.7,20.1,"DPOY-11,DEF2",0.524,0.6000000000000001,0.2990654205607477,0.7751937984496123,0.4444444444444444,0.2258064516129032,0.5306122448979592,0.5532286212914486,0.318,0.48672566371681414,0.4,0.5419847328244275,0.509,0.6375,0.8461538461538461,0.778,0.8902439024390244,0.5551788273560301
230.0,Daniss Jenkins,24.0,DET,PG,72.0,19.0,20.2,3.2,7.9,0.408,1.0,2.7,0.374,2.2,5.2,0.426,0.473,1.9,2.2,0.832,0.7,1.6,2.3,3.9,0.9,0.2,1.6,1.5,9.3,,0.732,0.2776119402985075,0.36448598130841126,0.17829457364341084,0.3333333333333333,0.06451612903225806,0.4897959183673469,0.9162303664921465,0.374,0.23893805309734514,0.4,0.5158124318429661,0.426,0.325,0.510989010989011,0.832,0.23170731707317074,0.5523235937435375
144.0,Deandre Ayton,27.0,LAL,C,72.0,72.0,27.2,5.6,8.3,0.671,0.0,0.0,,5.6,8.3,0.671,0.671,1.3,2.0,0.645,2.6,5.4,8.0,0.8,0.6,1.0,1.2,2.2,12.5,,0.646,0.373134328358209,0.07476635514018692,0.6201550387596899,0.2222222222222222,0.3225806451612903,0.8055222088835535,0.7661431064572426,,0.0,0.3,0.7317339149400218,0.671,0.51875,0.7032967032967032,0.645,0.8780487804878049,0.5522647718935241
188.0,Rudy Gobert,33.0,MIN,C,76.0,76.0,31.3,4.4,6.5,0.682,0.0,0.1,0.0,4.4,6.4,0.689,0.682,2.1,4.0,0.526,3.9,7.5,11.5,1.7,0.8,1.6,1.4,2.6,10.9,"DPOY-4,DEF1",0.598,0.32537313432835824,0.15887850467289721,0.8914728682170543,0.2962962962962963,0.5161290322580645,0.8187274909963986,0.6823734729493891,0.0,0.008849557522123894,0.35,0.7437295528898582,0.689,0.4,0.8159340659340659,0.526,0.926829268292683,0.5485155142780586
45.0,Desmond Bane,27.0,ORL,SG,82.0,82.0,33.6,7.1,14.7,0.484,2.0,5.2,0.391,5.1,9.5,0.535,0.553,3.8,4.2,0.908,1.2,2.9,4.1,4.1,1.0,0.5,2.0,3.1,20.1,,0.549,0.6000000000000001,0.38317757009345793,0.31782945736434104,0.37037037037037035,0.16129032258064516,0.581032412965186,0.5968586387434556,0.391,0.46017699115044247,0.5,0.6030534351145038,0.535,0.59375,0.8791208791208791,0.908,1.0,0.5481644144048611
293.0,Paul Reed,26.0,DET,C,65.0,11.0,13.9,3.2,5.2,0.617,0.2,0.6,0.325,3.0,4.6,0.656,0.636,1.1,1.7,0.664,2.0,2.5,4.5,1.2,0.9,0.9,0.9,1.8,7.8,,0.732,0.23283582089552238,0.11214953271028037,0.3488372093023256,0.3333333333333333,0.2903225806451613,0.7406962785114046,0.9162303664921465,0.325,0.053097345132743355,0.225,0.693565976008724,0.656,0.2875,0.33791208791208793,0.664,0.13414634146341464,0.5399817283064345
133.0,Reed Sheppard,21.0,HOU,SG,82.0,21.0,26.2,5.0,11.5,0.43,2.8,7.0,0.394,2.2,4.5,0.486,0.55,0.8,1.0,0.802,0.3,2.6,2.9,3.4,1.5,0.7,1.5,2.0,13.5,6MOY-6,0.634,0.40298507462686567,0.31775700934579443,0.22480620155038758,0.5555555555555555,0.2258064516129032,0.5162064825930373,0.7452006980802792,0.394,0.6194690265486725,0.375,0.5997818974918212,0.486,0.28125,0.6758241758241758,0.802,0.25609756097560976,0.5394291696009968
105.0,Jaden McDaniels,25.0,MIN,PF,73.0,73.0,31.7,5.7,11.1,0.515,1.4,3.4,0.412,4.3,7.7,0.562,0.579,2.0,2.4,0.835,1.0,3.2,4.2,2.7,1.1,1.0,1.8,3.3,14.8,,0.598,0.4417910447761194,0.25233644859813087,0.32558139534883723,0.40740740740740744,0.3225806451612903,0.6182472989195679,0.6823734729493891,0.412,0.30088495575221236,0.45,0.6314067611777535,0.562,0.48125,0.8269230769230769,0.835,0.8902439024390244,0.5374139242605475
97.0,Onyeka Okongwu,25.0,ATL,C,74.0,63.0,31.0,5.6,11.6,0.48,1.9,5.2,0.376,3.6,6.4,0.564,0.564,2.1,2.7,0.757,1.9,5.7,7.6,3.1,1.1,1.1,1.7,3.3,15.2,,0.561,0.45373134328358206,0.28971962616822433,0.5891472868217054,0.40740740740740744,0.3548387096774194,0.5762304921968787,0.617801047120419,0.376,0.46017699115044247,0.425,0.6150490730643402,0.564,0.4,0.8076923076923077,0.757,0.7682926829268293,0.5353504341161243
275.0,Ron Holland,20.0,DET,SF,78.0,5.0,19.9,3.0,7.0,0.432,0.6,2.5,0.253,2.4,4.4,0.535,0.478,1.5,1.9,0.805,1.1,3.0,4.0,1.2,1.2,0.3,1.2,2.3,8.2,,0.732,0.24477611940298505,0.11214953271028037,0.31007751937984496,0.4444444444444444,0.0967741935483871,0.5186074429771909,0.9162303664921465,0.253,0.22123893805309733,0.3,0.5212649945474372,0.535,0.275,0.5027472527472527,0.805,0.06097560975609756,0.535136952459566
309.0,Caris LeVert,31.0,DET,SG,60.0,0.0,19.2,2.7,6.5,0.417,1.0,3.0,0.333,1.7,3.5,0.488,0.494,1.0,1.4,0.679,0.4,1.6,2.0,2.7,0.9,0.7,1.4,1.5,7.4,,0.732,0.2208955223880597,0.25233644859813087,0.15503875968992248,0.3333333333333333,0.2258064516129032,0.5006002400960384,0.9162303664921465,0.333,0.2654867256637168,0.35,0.5387131952017448,0.488,0.21875,0.48351648351648346,0.679,0.0,0.5335172116039071
139.0,Jaylon Tyson,23.0,CLE,SG,66.0,42.0,26.9,5.0,10.2,0.493,2.0,4.5,0.446,3.0,5.6,0.53,0.592,1.2,1.6,0.738,1.8,3.3,5.1,2.2,0.8,0.4,1.5,2.5,13.2,,0.634,0.3940298507462686,0.20560747663551404,0.3953488372093023,0.2962962962962963,0.12903225806451613,0.5918367346938775,0.7452006980802792,0.446,0.3982300884955752,0.375,0.6455834242093783,0.53,0.35,0.695054945054945,0.738,0.5121951219512195,0.5327469857001733
83.0,Immanuel Quickley,26.0,TOR,PG,70.0,70.0,31.9,5.7,12.9,0.443,2.5,6.8,0.374,3.2,6.1,0.52,0.541,2.4,3.0,0.821,0.5,3.5,4.0,5.9,1.3,0.1,1.5,2.0,16.4,,0.561,0.4895522388059701,0.5514018691588786,0.31007751937984496,0.48148148148148145,0.03225806451612903,0.5318127250900361,0.617801047120419,0.374,0.6017699115044247,0.375,0.5899672846237732,0.52,0.38125,0.8324175824175823,0.821,0.8536585365853658,0.5315072130475492
89.0,VJ Edgecombe,20.0,PHI,SG,75.0,75.0,35.0,6.0,13.7,0.438,2.0,5.6,0.354,4.0,8.1,0.496,0.51,2.0,2.4,0.818,1.6,4.0,5.6,4.2,1.4,0.5,1.8,2.9,16.0,ROY-3,0.549,0.47761194029850745,0.39252336448598135,0.4341085271317829,0.5185185185185185,0.16129032258064516,0.5258103241296519,0.5968586387434556,0.354,0.495575221238938,0.45,0.5561613958560523,0.496,0.50625,0.9175824175824175,0.818,0.9146341463414634,0.5265171950362826
130.0,Naz Reid,26.0,MIN,C,77.0,3.0,26.1,5.2,11.3,0.456,2.1,5.8,0.362,3.1,5.5,0.556,0.549,1.2,1.6,0.732,1.2,5.0,6.2,2.2,1.0,1.0,1.6,2.5,13.6,6MOY-4,0.598,0.4059701492537313,0.20560747663551404,0.4806201550387597,0.37037037037037035,0.3225806451612903,0.5474189675870349,0.6823734729493891,0.362,0.5132743362831858,0.4,0.598691384950927,0.556,0.34375,0.6730769230769231,0.732,0.036585365853658534,0.5246150144086664
132.0,Tim Hardaway Jr.,33.0,DEN,SG,80.0,6.0,26.6,4.4,9.7,0.447,2.8,6.9,0.407,1.6,2.9,0.541,0.591,2.0,2.5,0.811,0.2,2.4,2.6,1.4,0.5,0.1,0.5,1.3,13.5,6MOY-3,0.659,0.40298507462686567,0.1308411214953271,0.20155038759689922,0.18518518518518517,0.03225806451612903,0.5366146458583434,0.7888307155322862,0.407,0.6106194690265486,0.125,0.6444929116684841,0.541,0.18125,0.6868131868131868,0.811,0.07317073170731707,0.5234893631058091
163.0,Dyson Daniels,22.0,ATL,SG,76.0,76.0,33.2,5.3,10.2,0.517,0.3,1.5,0.188,5.0,8.7,0.576,0.532,1.0,1.6,0.615,2.4,4.4,6.8,5.9,2.0,0.4,1.8,2.2,11.9,"DPOY-9,DEF2",0.561,0.35522388059701493,0.5514018691588786,0.5271317829457364,0.7407407407407407,0.12903225806451613,0.6206482593037216,0.617801047120419,0.188,0.1327433628318584,0.45,0.5801526717557252,0.576,0.54375,0.8681318681318682,0.615,0.926829268292683,0.5225993794143408
237.0,Sam Hauser,28.0,BOS,PF,78.0,49.0,24.8,3.2,7.7,0.419,2.5,6.5,0.393,0.7,1.2,0.557,0.584,0.2,0.3,0.85,0.7,3.1,3.8,1.5,0.5,0.3,0.4,1.4,9.2,,0.683,0.2746268656716418,0.14018691588785048,0.2945736434108527,0.18518518518518517,0.0967741935483871,0.503001200480192,0.830715532286213,0.393,0.5752212389380531,0.1,0.6368593238822245,0.557,0.075,0.6373626373626373,0.85,0.5975609756097561,0.5134626484830223
327.0,Javonte Green,32.0,DET,SG,82.0,6.0,17.6,2.3,5.0,0.447,1.1,3.0,0.381,1.1,2.0,0.545,0.56,1.3,1.5,0.84,0.8,2.0,2.8,0.7,1.2,0.3,0.5,1.3,6.9,,0.732,0.20597014925373136,0.06542056074766354,0.21705426356589144,0.4444444444444444,0.0967741935483871,0.5366146458583434,0.9162303664921465,0.381,0.2654867256637168,0.125,0.6106870229007634,0.545,0.125,0.43956043956043955,0.84,0.07317073170731707,0.5130769353300737
153.0,Donte DiVincenzo,29.0,MIN,SG,82.0,82.0,30.4,4.1,10.2,0.406,3.0,7.9,0.379,1.2,2.3,0.497,0.552,1.0,1.3,0.743,0.8,3.3,4.1,3.8,1.3,0.4,1.4,2.4,12.2,,0.598,0.3641791044776119,0.35514018691588783,0.31782945736434104,0.48148148148148145,0.12903225806451613,0.4873949579831933,0.6823734729493891,0.379,0.6991150442477876,0.35,0.6019629225736096,0.497,0.14375,0.7912087912087912,0.743,1.0,0.5119809580832191
197.0,Tari Eason,24.0,HOU,PF,60.0,34.0,25.8,4.0,9.7,0.416,1.6,4.3,0.358,2.5,5.3,0.463,0.496,0.9,1.1,0.776,2.1,4.2,6.3,1.5,1.2,0.5,1.4,2.3,10.5,,0.634,0.31343283582089554,0.14018691588785048,0.4883720930232558,0.4444444444444444,0.16129032258064516,0.49939975990396157,0.7452006980802792,0.358,0.3805309734513274,0.35,0.5408942202835333,0.463,0.33125,0.6648351648351648,0.776,0.4146341463414634,0.510891083738233
234.0,Marcus Smart,31.0,LAL,SG,62.0,54.0,28.5,3.0,7.7,0.395,1.6,4.7,0.331,1.5,3.0,0.497,0.497,1.7,2.1,0.822,0.6,2.2,2.8,3.0,1.4,0.4,1.5,2.6,9.3,,0.646,0.2776119402985075,0.28037383177570097,0.21705426356589144,0.5185185185185185,0.12903225806451613,0.47418967587034816,0.7661431064572426,0.331,0.415929203539823,0.375,0.5419847328244275,0.497,0.1875,0.739010989010989,0.822,0.6585365853658537,0.5058995245568576
177.0,Rui Hachimura,27.0,LAL,PF,68.0,41.0,28.3,4.5,8.8,0.514,1.7,3.9,0.443,2.8,4.9,0.57,0.611,0.7,1.1,0.694,0.6,2.7,3.3,0.8,0.6,0.3,0.6,1.6,11.5,,0.646,0.34328358208955223,0.07476635514018692,0.25581395348837205,0.2222222222222222,0.0967741935483871,0.617046818727491,0.7661431064572426,0.443,0.34513274336283184,0.15,0.6663031624863686,0.57,0.30625,0.7335164835164836,0.694,0.5,0.5048046307641922
100.0,Anthony Black,22.0,ORL,PG,64.0,40.0,29.8,5.4,12.1,0.447,1.6,4.7,0.333,3.8,7.4,0.519,0.512,2.6,3.6,0.732,0.7,3.1,3.8,3.7,1.4,0.7,2.1,2.7,15.0,,0.549,0.44776119402985076,0.3457943925233645,0.2945736434108527,0.5185185185185185,0.2258064516129032,0.5366146458583434,0.5968586387434556,0.333,0.415929203539823,0.525,0.5583424209378408,0.519,0.4625,0.7747252747252747,0.732,0.4878048780487805,0.5018719242382982
377.0,Mitchell Robinson,27.0,NYK,C,60.0,16.0,19.6,2.5,3.4,0.723,0.0,0.0,,2.5,3.4,0.723,0.723,0.7,1.7,0.408,4.2,4.6,8.8,0.9,0.9,1.2,0.7,2.1,5.7,6MOY-8,0.646,0.1701492537313433,0.08411214953271029,0.6821705426356589,0.3333333333333333,0.3870967741935484,0.8679471788715486,0.7661431064572426,,0.0,0.175,0.7884405670665212,0.723,0.2125,0.4945054945054945,0.408,0.1951219512195122,0.4985742848863247
279.0,Luka Garza,27.0,BOS,C,69.0,6.0,16.2,3.0,5.2,0.577,0.8,1.8,0.433,2.2,3.3,0.657,0.654,1.3,1.7,0.769,2.3,1.8,4.1,1.0,0.4,0.4,0.7,2.3,8.1,,0.683,0.2417910447761194,0.09345794392523366,0.31782945736434104,0.14814814814814814,0.12903225806451613,0.6926770708283313,0.830715532286213,0.433,0.1592920353982301,0.175,0.7131952017448201,0.657,0.20625,0.4010989010989011,0.769,0.07317073170731707,0.49534897684734874
288.0,Bruce Brown,29.0,DEN,SG,82.0,4.0,24.4,3.0,6.4,0.475,0.7,1.8,0.385,2.3,4.6,0.511,0.53,1.2,1.5,0.762,1.0,2.8,3.9,2.1,1.0,0.2,1.1,2.4,7.9,,0.659,0.23582089552238808,0.19626168224299068,0.3023255813953488,0.37037037037037035,0.06451612903225806,0.5702280912364946,0.7888307155322862,0.385,0.1592920353982301,0.275,0.5779716466739367,0.511,0.2875,0.6263736263736264,0.762,0.04878048780487805,0.4917767214810549
277.0,Jake LaRavia,24.0,LAL,PF,82.0,43.0,25.1,2.9,6.4,0.459,1.0,3.0,0.321,2.0,3.4,0.579,0.533,1.4,1.9,0.763,1.4,2.6,4.0,1.8,1.3,0.5,1.1,2.4,8.2,,0.646,0.24477611940298505,0.16822429906542058,0.31007751937984496,0.48148148148148145,0.16129032258064516,0.5510204081632654,0.7661431064572426,0.321,0.2654867256637168,0.275,0.5812431842966194,0.579,0.2125,0.6456043956043956,0.763,0.524390243902439,0.4913456890788446
157.0,Donovan Clingan,21.0,POR,C,77.0,77.0,27.2,4.6,8.9,0.52,1.1,3.2,0.341,3.5,5.7,0.621,0.582,1.8,2.6,0.68,4.5,7.1,11.6,2.1,0.6,1.7,1.2,2.4,12.1,,0.512,0.3611940298507463,0.19626168224299068,0.8992248062015503,0.2222222222222222,0.5483870967741935,0.624249699879952,0.5322862129144852,0.341,0.2831858407079646,0.3,0.6346782988004361,0.621,0.35625,0.7032967032967032,0.68,0.9390243902439024,0.48982217276819484
95.0,Andrew Wiggins,30.0,MIA,SF,68.0,68.0,30.3,5.7,12.1,0.475,2.0,4.9,0.414,3.7,7.2,0.516,0.559,1.9,2.4,0.784,1.7,3.1,4.8,2.7,1.1,1.0,1.5,2.3,15.4,,0.524,0.45970149253731346,0.25233644859813087,0.37209302325581395,0.40740740740740744,0.3225806451612903,0.5702280912364946,0.5532286212914486,0.414,0.4336283185840708,0.375,0.6095965103598692,0.516,0.45,0.7884615384615384,0.784,0.8292682926829268,0.4890106829740103
443.0,Carter Bryant,20.0,SAS,PF,71.0,0.0,11.5,1.5,3.7,0.408,0.7,2.2,0.335,0.8,1.5,0.509,0.506,0.4,0.6,0.714,0.5,2.0,2.5,0.7,0.2,0.3,0.5,1.3,4.2,,0.756,0.12537313432835823,0.06542056074766354,0.19379844961240308,0.07407407407407407,0.0967741935483871,0.4897959183673469,0.9581151832460733,0.335,0.19469026548672566,0.125,0.5517993456924755,0.509,0.09375,0.271978021978022,0.714,0.0,0.48871857381772904
94.0,Jaime Jaquez Jr.,24.0,MIA,SF,75.0,1.0,28.3,6.2,12.2,0.507,0.8,2.4,0.317,5.4,9.8,0.555,0.539,2.2,2.9,0.769,1.3,3.7,5.0,4.7,0.7,0.3,2.0,1.8,15.4,6MOY-2,0.524,0.45970149253731346,0.4392523364485982,0.38759689922480617,0.25925925925925924,0.0967741935483871,0.6086434573829532,0.5532286212914486,0.317,0.21238938053097342,0.5,0.5877862595419847,0.555,0.6125,0.7335164835164836,0.769,0.012195121951219513,0.48842627699630087
254.0,Jonas Valančiūnas,33.0,DEN,C,65.0,6.0,13.4,3.5,6.0,0.582,0.1,0.4,0.308,3.4,5.6,0.602,0.592,1.6,2.1,0.772,1.6,3.4,5.1,1.2,0.2,0.6,1.1,2.0,8.7,,0.659,0.2597014925373134,0.11214953271028037,0.3953488372093023,0.07407407407407407,0.1935483870967742,0.6986794717887155,0.7888307155322862,0.308,0.035398230088495575,0.275,0.6455834242093783,0.602,0.35,0.3241758241758242,0.772,0.07317073170731707,0.486127406588272
301.0,Jaxson Hayes,25.0,LAL,C,66.0,9.0,18.3,3.0,4.0,0.756,0.0,0.0,1.0,3.0,3.9,0.753,0.761,1.5,2.3,0.653,1.5,2.6,4.1,0.9,0.4,0.8,0.5,1.9,7.5,,0.646,0.22388059701492538,0.08411214953271029,0.31782945736434104,0.14814814814814814,0.25806451612903225,0.907563025210084,0.7661431064572426,1.0,0.0,0.125,0.8298800436205016,0.753,0.24375,0.45879120879120877,0.653,0.10975609756097561,0.47679441977341497
166.0,Wendell Carter Jr.,26.0,ORL,C,78.0,78.0,29.3,4.2,8.2,0.512,0.9,2.9,0.319,3.3,5.3,0.618,0.568,2.5,3.2,0.792,2.1,5.3,7.4,2.0,0.8,0.6,1.3,3.4,11.8,,0.549,0.3522388059701493,0.1869158878504673,0.5736434108527132,0.2962962962962963,0.1935483870967742,0.6146458583433374,0.5968586387434556,0.319,0.2566371681415929,0.325,0.619411123227917,0.618,0.33125,0.760989010989011,0.792,0.9512195121951219,0.47660407004381633
135.0,Quentin Grimes,25.0,PHI,SG,75.0,19.0,29.4,4.5,10.1,0.45,1.7,5.1,0.334,2.8,5.0,0.568,0.534,2.7,3.2,0.84,0.6,3.0,3.6,3.3,0.9,0.4,1.8,2.1,13.4,,0.549,0.4,0.308411214953271,0.27906976744186046,0.3333333333333333,0.12903225806451613,0.5402160864345739,0.5968586387434556,0.334,0.4513274336283185,0.45,0.5823336968375137,0.568,0.3125,0.7637362637362637,0.84,0.23170731707317074,0.476018263432215
394.0,Jordan Walsh,21.0,BOS,PF,68.0,25.0,17.8,2.0,3.9,0.509,0.7,1.8,0.384,1.3,2.1,0.62,0.599,0.6,0.8,0.772,1.3,2.8,4.0,0.8,0.7,0.5,0.5,2.0,5.4,,0.683,0.16119402985074627,0.07476635514018692,0.31007751937984496,0.25925925925925924,0.16129032258064516,0.6110444177671068,0.830715532286213,0.384,0.1592920353982301,0.125,0.6532170119956379,0.62,0.13125,0.44505494505494503,0.772,0.3048780487804878,0.4746836201116431
387.0,Baylor Scheierman,25.0,BOS,SG,77.0,20.0,18.6,2.0,4.3,0.453,1.3,3.2,0.399,0.7,1.2,0.6,0.599,0.4,0.4,0.903,0.7,2.8,3.5,1.5,0.5,0.1,0.6,1.4,5.5,,0.683,0.16417910447761194,0.14018691588785048,0.2713178294573643,0.18518518518518517,0.03225806451612903,0.5438175270108043,0.830715532286213,0.399,0.2831858407079646,0.15,0.6532170119956379,0.6,0.075,0.46703296703296704,0.903,0.24390243902439024,0.4714258635403301
385.0,Spencer Jones,24.0,DEN,SF,64.0,37.0,22.1,2.1,4.1,0.504,0.9,2.3,0.396,1.2,1.8,0.636,0.613,0.5,0.8,0.608,1.2,2.1,3.3,0.8,0.8,0.5,0.5,2.7,5.5,,0.659,0.16417910447761194,0.07476635514018692,0.25581395348837205,0.2962962962962963,0.16129032258064516,0.6050420168067228,0.7888307155322862,0.396,0.20353982300884954,0.125,0.668484187568157,0.636,0.1125,0.5631868131868132,0.608,0.45121951219512196,0.4617763869496187
134.0,Toumani Camara,25.0,POR,PF,82.0,82.0,33.3,4.8,10.9,0.44,2.7,7.2,0.37,2.1,3.6,0.579,0.563,1.2,1.7,0.708,1.6,3.6,5.1,2.5,1.1,0.4,1.8,2.9,13.4,,0.512,0.4,0.23364485981308414,0.3953488372093023,0.40740740740740744,0.12903225806451613,0.5282112845138055,0.5322862129144852,0.37,0.6371681415929203,0.45,0.6139585605234459,0.579,0.225,0.8708791208791208,0.708,1.0,0.45980541420090465
181.0,Sandro Mamukelashvili,26.0,TOR,C,80.0,13.0,21.9,4.1,7.9,0.523,1.4,3.7,0.389,2.7,4.2,0.642,0.614,1.5,2.0,0.747,1.4,3.6,4.9,1.9,0.8,0.5,0.8,1.8,11.2,6MOY-10,0.561,0.3343283582089552,0.17757009345794392,0.3798449612403101,0.2962962962962963,0.16129032258064516,0.6278511404561825,0.617801047120419,0.389,0.3274336283185841,0.2,0.6695747001090512,0.642,0.2625,0.5576923076923076,0.747,0.15853658536585366,0.45501988624318257
255.0,Jordan Clarkson,33.0,NYK,SG,72.0,1.0,17.8,3.3,7.3,0.451,1.0,3.0,0.327,2.3,4.3,0.535,0.517,1.1,1.3,0.83,0.9,0.9,1.8,1.3,0.4,0.1,0.9,1.7,8.6,,0.646,0.25671641791044775,0.12149532710280375,0.13953488372093023,0.14814814814814814,0.03225806451612903,0.5414165666266507,0.7661431064572426,0.327,0.2654867256637168,0.225,0.5637949836423118,0.535,0.26875,0.44505494505494503,0.83,0.012195121951219513,0.45454958729918876
186.0,Kel'el Ware,21.0,MIA,C,77.0,34.0,22.1,4.5,8.4,0.53,1.2,3.0,0.395,3.3,5.4,0.606,0.601,0.9,1.2,0.74,2.8,6.2,9.0,0.7,0.8,1.1,0.8,1.5,11.1,,0.524,0.33134328358208953,0.06542056074766354,0.6976744186046512,0.2962962962962963,0.3548387096774194,0.6362545018007203,0.5532286212914486,0.395,0.2654867256637168,0.2,0.6553980370774264,0.606,0.3375,0.5631868131868132,0.74,0.4146341463414634,0.4504003990110314
126.0,John Collins,28.0,LAC,PF,69.0,56.0,27.1,5.3,9.6,0.552,1.3,3.2,0.406,4.0,6.4,0.625,0.62,1.7,2.2,0.766,1.6,3.7,5.3,1.0,0.9,0.7,1.4,2.7,13.6,,0.512,0.4059701492537313,0.09345794392523366,0.4108527131782945,0.3333333333333333,0.2258064516129032,0.6626650660264106,0.5322862129144852,0.406,0.2831858407079646,0.35,0.6761177753544165,0.625,0.4,0.7005494505494506,0.766,0.6829268292682927,0.4476147858189066
422.0,Craig Porter Jr.,25.0,CLE,PG,64.0,3.0,17.9,1.8,4.0,0.45,0.5,1.5,0.355,1.3,2.6,0.503,0.514,0.4,0.6,0.6,1.3,2.1,3.4,3.2,0.9,0.6,0.9,1.1,4.5,,0.634,0.13432835820895522,0.2990654205607477,0.2635658914728682,0.3333333333333333,0.1935483870967742,0.5402160864345739,0.7452006980802792,0.355,0.1327433628318584,0.225,0.5605234460196292,0.503,0.1625,0.44780219780219777,0.6,0.036585365853658534,0.4475809227296934
454.0,Hugo González,19.0,BOS,SF,74.0,3.0,14.6,1.6,3.3,0.476,0.6,1.6,0.362,1.0,1.8,0.577,0.561,0.2,0.4,0.5,0.8,2.5,3.3,0.5,0.6,0.3,0.5,1.7,3.9,,0.683,0.11641791044776119,0.04672897196261683,0.25581395348837205,0.2222222222222222,0.0967741935483871,0.5714285714285714,0.830715532286213,0.362,0.1415929203539823,0.125,0.6117775354416576,0.577,0.1125,0.35714285714285715,0.5,0.036585365853658534,0.4465328969561111
431.0,Jarred Vanderbilt,26.0,LAL,PF,65.0,3.0,17.4,1.7,3.7,0.471,0.4,1.5,0.293,1.3,2.2,0.596,0.531,0.5,0.9,0.589,1.2,3.3,4.5,1.3,0.8,0.3,0.9,1.6,4.4,,0.646,0.13134328358208958,0.12149532710280375,0.3488372093023256,0.2962962962962963,0.0967741935483871,0.5654261704681872,0.7661431064572426,0.293,0.1327433628318584,0.225,0.579062159214831,0.596,0.1375,0.4340659340659341,0.589,0.036585365853658534,0.4416000097092559
231.0,Davion Mitchell,27.0,MIA,PG,70.0,70.0,28.6,3.7,7.6,0.49,1.3,3.3,0.395,2.4,4.4,0.561,0.574,0.6,0.9,0.646,0.5,2.2,2.7,6.5,1.0,0.2,1.5,2.6,9.3,,0.524,0.2776119402985075,0.6074766355140188,0.20930232558139536,0.37037037037037035,0.06451612903225806,0.5882352941176471,0.5532286212914486,0.395,0.29203539823008845,0.375,0.6259541984732824,0.561,0.275,0.7417582417582418,0.646,0.8536585365853658,0.44153754612777385
261.0,Bones Hyland,25.0,MIN,PG,71.0,3.0,16.6,3.0,6.6,0.453,1.6,4.2,0.388,1.4,2.4,0.568,0.577,0.9,1.2,0.78,0.3,1.5,1.8,2.6,0.6,0.2,1.0,1.7,8.5,,0.598,0.2537313432835821,0.2429906542056075,0.13953488372093023,0.2222222222222222,0.06451612903225806,0.5438175270108043,0.6823734729493891,0.388,0.3716814159292035,0.25,0.629225736095965,0.568,0.15,0.4120879120879122,0.78,0.036585365853658534,0.4334309567370219
179.0,Pelle Larsson,24.0,MIA,SG,70.0,54.0,26.4,4.0,8.0,0.496,0.9,2.7,0.323,3.1,5.2,0.586,0.551,2.6,3.3,0.797,1.0,2.5,3.5,3.4,0.7,0.2,1.4,2.1,11.4,,0.524,0.3402985074626866,0.31775700934579443,0.2713178294573643,0.25925925925925924,0.06451612903225806,0.5954381752701081,0.5532286212914486,0.323,0.23893805309734514,0.35,0.6008724100327154,0.586,0.325,0.6813186813186812,0.797,0.6585365853658537,0.43312896265813916
370.0,Nae'Qwan Tomlin,25.0,CLE,PF,64.0,3.0,15.7,2.3,4.9,0.478,0.4,1.8,0.235,1.9,3.1,0.618,0.521,0.7,1.0,0.77,1.3,1.6,2.9,0.8,0.6,0.5,0.5,2.0,5.8,,0.634,0.17313432835820894,0.07476635514018692,0.22480620155038758,0.2222222222222222,0.16129032258064516,0.5738295318127251,0.7452006980802792,0.235,0.1592920353982301,0.125,0.5681570338058888,0.618,0.19375,0.3873626373626374,0.77,0.036585365853658534,0.42984967118321704
350.0,Thomas Bryant,28.0,CLE,C,60.0,1.0,12.2,2.3,4.5,0.506,0.8,2.2,0.359,1.5,2.3,0.647,0.594,0.9,1.1,0.803,1.0,2.4,3.4,0.6,0.3,0.4,0.5,1.3,6.2,,0.634,0.18507462686567164,0.056074766355140186,0.2635658914728682,0.1111111111111111,0.12903225806451613,0.6074429771908764,0.7452006980802792,0.359,0.19469026548672566,0.125,0.6477644492911668,0.647,0.14375,0.29120879120879123,0.803,0.012195121951219513,0.42883288183569207
224.0,Zaccharie Risacher,20.0,ATL,SF,67.0,46.0,22.4,3.6,8.0,0.455,1.4,3.9,0.368,2.2,4.1,0.536,0.544,0.9,1.3,0.644,1.1,2.8,3.8,1.1,0.9,0.5,0.9,2.2,9.6,,0.561,0.2865671641791045,0.10280373831775702,0.2945736434108527,0.3333333333333333,0.16129032258064516,0.546218487394958,0.617801047120419,0.368,0.34513274336283184,0.225,0.5932388222464559,0.536,0.25625,0.5714285714285714,0.644,0.5609756097560976,0.4287981820088959
70.0,Ryan Rollins,23.0,MIL,PG,74.0,67.0,32.1,6.6,13.9,0.472,2.5,6.1,0.406,4.1,7.8,0.523,0.561,1.7,2.1,0.796,0.7,3.8,4.6,5.6,1.5,0.4,2.7,2.6,17.3,,0.39,0.5164179104477612,0.5233644859813084,0.3565891472868217,0.5555555555555555,0.12903225806451613,0.5666266506602641,0.3193717277486911,0.406,0.5398230088495575,0.675,0.6117775354416576,0.523,0.4875,0.8379120879120879,0.796,0.8170731707317073,0.4278850732140487
218.0,Tristan Da Silva,24.0,ORL,SF,77.0,34.0,24.7,3.6,8.1,0.45,1.6,4.2,0.374,2.1,3.9,0.532,0.547,1.1,1.2,0.884,0.8,2.9,3.7,1.6,0.9,0.3,0.9,1.5,9.9,,0.549,0.2955223880597015,0.14953271028037385,0.2868217054263566,0.3333333333333333,0.0967741935483871,0.5402160864345739,0.5968586387434556,0.374,0.3716814159292035,0.225,0.5965103598691385,0.532,0.24375,0.6346153846153846,0.884,0.4146341463414634,0.4258897828328318
429.0,Tyler Kolek,24.0,NYK,PG,62.0,1.0,11.7,1.7,4.0,0.435,0.7,1.8,0.386,1.0,2.2,0.478,0.524,0.2,0.3,0.7,0.3,1.3,1.6,2.7,0.4,0.1,0.9,1.0,4.4,,0.646,0.13134328358208958,0.25233644859813087,0.12403100775193798,0.14814814814814814,0.03225806451612903,0.5222088835534214,0.7661431064572426,0.386,0.1592920353982301,0.225,0.5714285714285714,0.478,0.1375,0.2774725274725275,0.7,0.012195121951219513,0.4220070820646583
457.0,Clint Capela,31.0,HOU,C,75.0,3.0,12.3,1.6,3.0,0.52,0.0,0.0,0.5,1.6,3.0,0.52,0.522,0.6,1.0,0.577,2.1,2.5,4.6,0.7,0.5,0.8,0.5,1.0,3.8,,0.634,0.11343283582089551,0.06542056074766354,0.3565891472868217,0.18518518518518517,0.25806451612903225,0.624249699879952,0.7452006980802792,0.5,0.0,0.125,0.569247546346783,0.52,0.1875,0.293956043956044,0.577,0.036585365853658534,0.4216786706162757
344.0,Andre Drummond,32.0,PHI,C,63.0,25.0,19.5,2.5,5.3,0.472,0.5,1.4,0.356,2.0,3.9,0.514,0.519,0.8,1.3,0.631,3.2,5.3,8.4,1.3,0.6,0.8,1.0,2.0,6.4,,0.549,0.191044776119403,0.12149532710280375,0.6511627906976745,0.2222222222222222,0.25806451612903225,0.5666266506602641,0.5968586387434556,0.356,0.1238938053097345,0.25,0.5659760087241004,0.514,0.24375,0.49175824175824173,0.631,0.3048780487804878,0.41866977564188923
337.0,Jamal Shead,23.0,TOR,PG,82.0,12.0,22.6,2.3,6.1,0.367,1.0,3.2,0.321,1.2,3.0,0.417,0.45,1.1,1.4,0.784,0.3,1.4,1.7,5.4,0.9,0.2,1.4,2.0,6.6,6MOY-12,0.561,0.1970149253731343,0.5046728971962617,0.1317829457364341,0.3333333333333333,0.06451612903225806,0.4405762304921969,0.617801047120419,0.321,0.2831858407079646,0.35,0.49073064340239914,0.417,0.1875,0.576923076923077,0.784,0.14634146341463414,0.4179589498478987
420.0,Josh Okogie,27.0,HOU,SG,78.0,32.0,17.4,1.6,3.8,0.425,0.8,2.1,0.385,0.8,1.7,0.474,0.531,0.5,0.9,0.594,1.0,1.5,2.6,0.9,0.8,0.2,0.5,1.4,4.5,,0.634,0.13432835820895522,0.08411214953271029,0.20155038759689922,0.2962962962962963,0.06451612903225806,0.5102040816326531,0.7452006980802792,0.385,0.18584070796460175,0.125,0.579062159214831,0.474,0.10625,0.4340659340659341,0.594,0.3902439024390244,0.41790595747316095
122.0,Brandin Podziemski,22.0,GSW,SG,82.0,43.0,28.5,4.8,10.6,0.455,1.9,5.0,0.371,2.9,5.5,0.531,0.543,2.3,2.9,0.797,0.9,4.2,5.1,3.7,1.1,0.2,1.6,1.7,13.8,,0.451,0.4119402985074627,0.3457943925233645,0.3953488372093023,0.40740740740740744,0.06451612903225806,0.546218487394958,0.4258289703315881,0.371,0.44247787610619466,0.4,0.5921483097055616,0.531,0.34375,0.739010989010989,0.797,0.524390243902439,0.4171621648780193
295.0,Dominick Barlow,22.0,PHI,PF,71.0,59.0,23.8,3.0,5.6,0.539,0.3,1.2,0.256,2.7,4.5,0.612,0.565,1.3,1.8,0.718,1.9,2.9,4.8,1.2,0.9,0.7,0.8,2.1,7.7,,0.549,0.22985074626865673,0.11214953271028037,0.37209302325581395,0.3333333333333333,0.2258064516129032,0.6470588235294118,0.5968586387434556,0.256,0.10619469026548671,0.2,0.6161395856052344,0.612,0.28125,0.6098901098901099,0.718,0.7195121951219512,0.4168872957881102
32.0,Cooper Flagg,19.0,DAL,SF,70.0,70.0,33.5,8.0,17.1,0.468,1.0,3.5,0.295,7.0,13.6,0.513,0.498,4.0,4.9,0.827,1.2,5.4,6.7,4.5,1.2,0.9,2.3,2.0,21.0,ROY-1,0.317,0.6268656716417911,0.42056074766355145,0.5193798449612403,0.4444444444444444,0.2903225806451613,0.5618247298919569,0.19197207678883071,0.295,0.30973451327433627,0.575,0.5430752453653217,0.513,0.85,0.8763736263736264,0.827,0.8536585365853658,0.4126604408415163
30.0,Trey Murphy III,25.0,NOP,SF,66.0,66.0,35.5,7.5,15.9,0.47,3.2,8.6,0.379,4.2,7.3,0.577,0.572,3.3,3.7,0.886,1.0,4.8,5.7,3.8,1.5,0.4,1.8,2.1,21.5,,0.317,0.6417910447761194,0.35514018691588783,0.4418604651162791,0.5555555555555555,0.12903225806451613,0.5642256902761105,0.19197207678883071,0.379,0.7610619469026548,0.45,0.623773173391494,0.577,0.45625,0.9313186813186813,0.886,0.8048780487804879,0.4049131661003142
312.0,Kris Dunn,31.0,LAC,PG,82.0,68.0,27.2,2.8,5.8,0.476,1.0,2.6,0.374,1.8,3.2,0.559,0.56,0.8,1.0,0.765,0.7,2.6,3.3,3.6,1.6,0.2,1.4,2.3,7.3,,0.512,0.21791044776119403,0.33644859813084116,0.25581395348837205,0.5925925925925926,0.06451612903225806,0.5714285714285714,0.5322862129144852,0.374,0.23008849557522124,0.35,0.6106870229007634,0.559,0.2,0.7032967032967032,0.765,0.8292682926829268,0.40006600716944507
304.0,Ja'Kobe Walter,21.0,TOR,SG,72.0,19.0,20.5,2.5,5.6,0.446,1.5,3.7,0.409,1.0,1.9,0.519,0.582,1.0,1.3,0.789,0.8,1.8,2.6,1.2,1.0,0.2,0.5,2.3,7.5,,0.561,0.22388059701492538,0.11214953271028037,0.20155038759689922,0.37037037037037035,0.06451612903225806,0.5354141656662665,0.617801047120419,0.409,0.3274336283185841,0.125,0.6346782988004361,0.519,0.11875,0.5192307692307692,0.789,0.23170731707317074,0.4000585645345832
360.0,Goga Bitadze,26.0,ORL,C,64.0,3.0,15.2,2.4,3.5,0.676,0.0,0.2,0.182,2.3,3.3,0.701,0.68,1.1,1.5,0.711,2.1,2.9,5.0,1.3,0.6,1.0,0.7,2.1,5.9,,0.549,0.17611940298507464,0.12149532710280375,0.38759689922480617,0.2222222222222222,0.3225806451612903,0.8115246098439377,0.5968586387434556,0.182,0.017699115044247787,0.175,0.7415485278080698,0.701,0.20625,0.37362637362637363,0.711,0.036585365853658534,0.399782426300898
213.0,Jordan Miller,26.0,LAC,SF,60.0,1.0,22.1,3.5,6.7,0.531,0.6,1.8,0.345,2.9,4.8,0.602,0.579,2.3,2.9,0.777,0.8,2.2,3.0,2.3,0.8,0.2,1.1,1.0,10.0,,0.512,0.29850746268656714,0.21495327102803738,0.23255813953488372,0.2962962962962963,0.06451612903225806,0.6374549819927972,0.5322862129144852,0.345,0.1592920353982301,0.275,0.6314067611777535,0.602,0.3,0.5631868131868132,0.777,0.012195121951219513,0.3976270371539865
84.0,Matas Buzelis,21.0,CHI,PF,77.0,77.0,29.2,5.8,12.5,0.463,2.2,6.4,0.349,3.5,6.1,0.583,0.553,2.4,3.1,0.786,1.0,4.8,5.8,2.1,0.7,1.5,2.1,2.3,16.3,,0.378,0.4865671641791045,0.19626168224299068,0.44961240310077516,0.25925925925925924,0.48387096774193544,0.5558223289315727,0.29842931937172773,0.349,0.5663716814159292,0.525,0.6030534351145038,0.583,0.38125,0.7582417582417582,0.786,0.9390243902439024,0.39756591695621
266.0,Draymond Green,35.0,GSW,PF,68.0,68.0,27.5,3.0,7.2,0.418,1.5,4.6,0.326,1.5,2.7,0.575,0.52,0.9,1.2,0.702,0.8,4.7,5.5,5.5,0.9,0.6,2.7,2.9,8.4,DPOY-11,0.451,0.25074626865671645,0.5140186915887851,0.4263565891472868,0.3333333333333333,0.1935483870967742,0.5018007202881153,0.4258289703315881,0.326,0.4070796460176991,0.675,0.5670665212649946,0.575,0.16875,0.7115384615384616,0.702,0.8292682926829268,0.39461149688970565
467.0,Mohamed Diawara,20.0,NYK,SF,69.0,7.0,9.2,1.3,3.1,0.423,0.7,1.9,0.369,0.6,1.2,0.506,0.535,0.3,0.3,0.75,0.2,1.1,1.4,0.8,0.2,0.1,0.4,0.7,3.6,,0.646,0.10746268656716418,0.07476635514018692,0.10852713178294572,0.07407407407407407,0.03225806451612903,0.5078031212484994,0.7661431064572426,0.369,0.16814159292035397,0.1,0.5834242093784079,0.506,0.075,0.2087912087912088,0.75,0.08536585365853659,0.3945827201786096
262.0,Brook Lopez,37.0,LAC,C,75.0,40.0,21.8,3.1,7.2,0.428,1.5,4.2,0.36,1.6,3.0,0.524,0.533,0.7,1.0,0.757,0.6,3.0,3.6,1.3,0.6,1.2,0.8,2.1,8.5,,0.512,0.2537313432835821,0.12149532710280375,0.27906976744186046,0.2222222222222222,0.3870967741935484,0.5138055222088835,0.5322862129144852,0.36,0.3716814159292035,0.2,0.5812431842966194,0.524,0.1875,0.554945054945055,0.757,0.4878048780487805,0.39279558314389995
33.0,Zion Williamson,25.0,NOP,PF,62.0,55.0,29.7,7.8,13.0,0.6,0.0,0.1,0.25,7.8,13.0,0.601,0.6,5.4,7.5,0.716,2.0,3.7,5.7,3.2,1.0,0.5,2.0,2.3,21.0,,0.317,0.6268656716417911,0.2990654205607477,0.4418604651162791,0.37037037037037035,0.16129032258064516,0.7202881152460985,0.19197207678883071,0.25,0.008849557522123894,0.5,0.6543075245365321,0.601,0.8125,0.7719780219780219,0.716,0.6707317073170732,0.3880608746465056
409.0,Adem Bona,22.0,PHI,C,71.0,18.0,17.4,1.8,3.1,0.595,0.0,0.1,0.333,1.8,3.0,0.603,0.6,1.1,1.6,0.708,1.8,2.5,4.3,0.5,0.4,1.2,0.8,2.2,4.8,,0.549,0.14328358208955225,0.04672897196261683,0.3333333333333333,0.14814814814814814,0.3870967741935484,0.7142857142857143,0.5968586387434556,0.333,0.008849557522123894,0.2,0.6543075245365321,0.603,0.1875,0.4340659340659341,0.708,0.21951219512195122,0.38266365949673686
158.0,Moses Moody,23.0,GSW,SG,60.0,49.0,25.7,4.1,9.3,0.44,2.5,6.3,0.401,1.6,3.0,0.522,0.575,1.5,1.9,0.77,0.9,2.5,3.3,1.6,1.0,0.6,1.0,2.0,12.1,,0.451,0.3611940298507463,0.14953271028037385,0.25581395348837205,0.37037037037037035,0.1935483870967742,0.5282112845138055,0.4258289703315881,0.401,0.5575221238938053,0.25,0.6270447110141766,0.522,0.1875,0.6620879120879121,0.77,0.5975609756097561,0.3797528702694774
260.0,Simone Fontecchio,30.0,MIA,SF,70.0,9.0,16.8,2.8,6.7,0.412,1.8,4.7,0.375,1.0,2.0,0.497,0.542,1.2,1.5,0.843,0.8,2.2,3.0,1.4,0.5,0.1,0.7,1.5,8.5,,0.524,0.2537313432835821,0.1308411214953271,0.23255813953488372,0.18518518518518517,0.03225806451612903,0.49459783913565425,0.5532286212914486,0.375,0.415929203539823,0.175,0.5910577971646674,0.497,0.125,0.41758241758241765,0.843,0.10975609756097561,0.3736655965983468
450.0,Jaylen Clark,24.0,MIN,SG,68.0,1.0,13.1,1.5,3.4,0.434,0.5,1.5,0.327,1.0,1.9,0.52,0.507,0.6,1.0,0.657,0.8,1.0,1.8,0.6,0.7,0.1,0.3,1.3,4.0,,0.598,0.11940298507462686,0.056074766355140186,0.13953488372093023,0.25925925925925924,0.03225806451612903,0.5210084033613446,0.6823734729493891,0.327,0.1327433628318584,0.075,0.5528898582333697,0.52,0.11875,0.3159340659340659,0.657,0.012195121951219513,0.3717257390853048
426.0,Mouhamed Gueye,23.0,ATL,PF,77.0,8.0,15.3,1.7,3.8,0.452,0.5,1.7,0.308,1.2,2.1,0.569,0.521,0.5,0.8,0.645,1.2,2.4,3.6,0.9,0.8,0.5,0.4,1.6,4.4,,0.561,0.13134328358208958,0.08411214953271029,0.27906976744186046,0.2962962962962963,0.16129032258064516,0.5426170468187276,0.617801047120419,0.308,0.15044247787610618,0.1,0.5681570338058888,0.569,0.13125,0.3763736263736264,0.645,0.0975609756097561,0.371560376295958
115.0,Tre Jones,26.0,CHI,PG,65.0,41.0,27.0,5.2,9.5,0.553,0.6,2.0,0.315,4.6,7.5,0.616,0.586,2.9,3.5,0.841,0.6,2.6,3.1,5.4,1.2,0.2,1.4,1.4,14.1,,0.378,0.4208955223880597,0.5046728971962617,0.24031007751937986,0.4444444444444444,0.06451612903225806,0.6638655462184875,0.29842931937172773,0.315,0.17699115044247787,0.35,0.6390403489640131,0.616,0.46875,0.6978021978021978,0.841,0.5,0.36925976837841423
357.0,Justin Edwards,22.0,PHI,SF,64.0,12.0,15.3,2.2,5.0,0.447,1.0,2.8,0.372,1.2,2.2,0.543,0.552,0.5,0.6,0.846,0.4,1.1,1.5,1.3,0.8,0.2,0.6,1.4,6.0,,0.549,0.1791044776119403,0.12149532710280375,0.11627906976744186,0.2962962962962963,0.06451612903225806,0.5366146458583434,0.5968586387434556,0.372,0.247787610619469,0.15,0.6019629225736096,0.543,0.1375,0.3763736263736264,0.846,0.14634146341463414,0.3644783424911504
356.0,Gradey Dick,22.0,TOR,SG,76.0,1.0,14.0,2.1,5.1,0.419,0.7,2.4,0.301,1.4,2.6,0.53,0.492,1.0,1.2,0.875,0.6,1.4,1.9,0.7,0.6,0.1,0.6,1.3,6.0,,0.561,0.1791044776119403,0.06542056074766354,0.14728682170542634,0.2222222222222222,0.03225806451612903,0.503001200480192,0.617801047120419,0.301,0.21238938053097342,0.15,0.5365321701199564,0.53,0.1625,0.34065934065934067,0.875,0.012195121951219513,0.36325196216180466
380.0,Dru Smith,28.0,MIA,SG,70.0,1.0,16.3,1.9,4.6,0.415,0.5,1.8,0.295,1.4,2.8,0.495,0.474,1.2,1.5,0.829,0.9,1.6,2.5,2.6,1.4,0.3,0.8,1.6,5.6,,0.524,0.1671641791044776,0.2429906542056075,0.19379844961240308,0.5185185185185185,0.0967741935483871,0.49819927971188477,0.5532286212914486,0.295,0.1592920353982301,0.2,0.5169029443838604,0.495,0.175,0.4038461538461539,0.829,0.012195121951219513,0.36304071241247154
20.0,Pascal Siakam,31.0,IND,PF,62.0,62.0,33.2,9.0,18.6,0.484,1.7,4.7,0.358,7.3,13.9,0.527,0.529,4.2,6.1,0.693,1.4,5.2,6.6,3.8,1.1,0.4,2.2,2.4,24.0,AS,0.232,0.7164179104477612,0.35514018691588783,0.5116279069767441,0.40740740740740744,0.12903225806451613,0.581032412965186,0.043630017452007015,0.358,0.415929203539823,0.55,0.5768811341330425,0.527,0.86875,0.8681318681318682,0.693,0.7560975609756098,0.3621279112411506
314.0,Kobe Sanders,23.0,LAC,SG,68.0,16.0,19.9,2.6,5.6,0.466,1.2,2.9,0.408,1.5,2.8,0.527,0.57,0.8,1.0,0.826,0.4,1.8,2.3,1.6,0.7,0.1,1.2,2.1,7.3,,0.512,0.21791044776119403,0.14953271028037385,0.17829457364341084,0.25925925925925924,0.03225806451612903,0.5594237695078031,0.5322862129144852,0.408,0.2566371681415929,0.3,0.6215921483097054,0.527,0.175,0.5027472527472527,0.826,0.1951219512195122,0.36131554214867245
165.0,Myles Turner,29.0,MIL,C,71.0,71.0,26.9,4.0,9.1,0.44,2.1,5.4,0.383,1.9,3.7,0.523,0.553,1.8,2.5,0.74,1.1,4.3,5.3,1.5,0.7,1.6,1.2,2.6,11.9,,0.39,0.35522388059701493,0.14018691588785048,0.4108527131782945,0.25925925925925924,0.5161290322580645,0.5282112845138055,0.3193717277486911,0.383,0.4778761061946903,0.3,0.6030534351145038,0.523,0.23125,0.695054945054945,0.74,0.8658536585365854,0.3596940207870818
125.0,Bobby Portis,30.0,MIL,PF,67.0,9.0,24.2,5.5,11.2,0.488,2.0,4.4,0.456,3.4,6.8,0.509,0.578,0.7,1.0,0.706,1.3,5.1,6.4,1.6,0.6,0.2,1.0,1.6,13.7,,0.39,0.408955223880597,0.14953271028037385,0.49612403100775193,0.2222222222222222,0.06451612903225806,0.5858343337334934,0.3193717277486911,0.456,0.3893805309734513,0.25,0.6303162486368592,0.509,0.425,0.6208791208791209,0.706,0.10975609756097561,0.35447847470318483
140.0,Kyle Kuzma,30.0,MIL,PF,69.0,43.0,26.2,4.9,10.0,0.492,1.2,3.5,0.347,3.7,6.5,0.569,0.552,2.0,2.7,0.726,0.8,3.7,4.5,2.7,0.7,0.4,1.7,1.9,13.0,,0.39,0.3880597014925373,0.25233644859813087,0.3488372093023256,0.25925925925925924,0.12903225806451613,0.5906362545018007,0.3193717277486911,0.347,0.30973451327433627,0.425,0.6019629225736096,0.569,0.40625,0.6758241758241758,0.726,0.524390243902439,0.3540805721015258
240.0,Gui Santos,23.0,GSW,PF,68.0,30.0,20.5,3.4,6.8,0.5,1.1,3.3,0.351,2.2,3.5,0.639,0.585,1.3,1.8,0.725,1.1,2.8,3.9,2.3,0.9,0.3,1.5,2.1,9.2,,0.451,0.2746268656716418,0.21495327102803738,0.3023255813953488,0.3333333333333333,0.0967741935483871,0.6002400960384154,0.4258289703315881,0.351,0.29203539823008845,0.375,0.6379498364231188,0.639,0.21875,0.5192307692307692,0.725,0.36585365853658536,0.353833092209761
65.0,Saddiq Bey,26.0,NOP,SF,72.0,64.0,31.2,6.1,13.4,0.451,2.1,5.7,0.367,4.0,7.7,0.514,0.529,3.4,4.1,0.841,1.7,3.9,5.6,2.5,0.9,0.1,0.9,1.3,17.7,,0.317,0.5283582089552239,0.23364485981308414,0.4341085271317829,0.3333333333333333,0.03225806451612903,0.5414165666266507,0.19197207678883071,0.367,0.504424778761062,0.225,0.5768811341330425,0.514,0.48125,0.8131868131868132,0.841,0.7804878048780488,0.344708609502738
442.0,Jabari Walker,23.0,PHI,PF,64.0,6.0,11.9,1.5,3.3,0.455,0.5,1.5,0.337,1.0,1.8,0.551,0.531,0.8,1.1,0.735,1.1,1.9,3.0,0.5,0.4,0.2,0.4,1.6,4.3,,0.549,0.12835820895522387,0.04672897196261683,0.23255813953488372,0.14814814814814814,0.06451612903225806,0.546218487394958,0.5968586387434556,0.337,0.1327433628318584,0.1,0.579062159214831,0.551,0.1125,0.282967032967033,0.735,0.07317073170731707,0.3438857532586992
405.0,Sidy Cissoko,21.0,POR,SF,75.0,26.0,19.1,1.8,4.5,0.398,0.8,2.6,0.298,1.0,1.8,0.544,0.487,0.8,1.2,0.659,0.8,1.4,2.2,1.5,0.7,0.3,0.9,2.4,5.1,,0.512,0.15223880597014924,0.14018691588785048,0.17054263565891473,0.25925925925925924,0.0967741935483871,0.4777911164465787,0.5322862129144852,0.298,0.23008849557522124,0.225,0.5310796074154852,0.544,0.1125,0.4807692307692308,0.659,0.3170731707317073,0.34005030337171677
448.0,Nicolas Batum,37.0,LAC,PF,74.0,6.0,17.5,1.3,3.2,0.403,1.2,3.1,0.404,0.1,0.1,0.4,0.597,0.1,0.1,0.818,0.3,2.2,2.5,0.9,0.6,0.3,0.5,1.4,4.0,,0.512,0.11940298507462686,0.08411214953271029,0.19379844961240308,0.2222222222222222,0.0967741935483871,0.48379351740696286,0.5322862129144852,0.404,0.2743362831858407,0.125,0.6510359869138495,0.4,0.00625,0.4368131868131868,0.818,0.07317073170731707,0.32918626963965025
485.0,Jamison Battle,24.0,TOR,SF,61.0,2.0,8.5,1.2,2.4,0.51,0.6,1.4,0.412,0.6,1.0,0.65,0.631,0.1,0.2,0.643,0.3,1.1,1.5,0.4,0.1,0.0,0.3,0.7,3.1,,0.561,0.09253731343283582,0.03738317757009346,0.11627906976744186,0.037037037037037035,0.0,0.6122448979591837,0.617801047120419,0.412,0.1238938053097345,0.075,0.688113413304253,0.65,0.0625,0.18956043956043958,0.643,0.024390243902439025,0.32790699228649867
302.0,Gary Payton II,33.0,GSW,SG,73.0,1.0,15.6,3.3,5.7,0.583,0.5,1.7,0.291,2.8,3.9,0.712,0.628,0.4,0.5,0.65,1.4,2.2,3.6,1.7,0.9,0.3,0.8,1.8,7.5,,0.451,0.22388059701492538,0.15887850467289721,0.27906976744186046,0.3333333333333333,0.0967741935483871,0.6998799519807923,0.4258289703315881,0.291,0.15044247787610618,0.2,0.6848418756815703,0.712,0.24375,0.38461538461538464,0.65,0.012195121951219513,0.32741262372686103
96.0,Naji Marshall,28.0,DAL,SF,74.0,47.0,29.5,5.7,11.1,0.51,0.8,2.9,0.291,4.8,8.2,0.587,0.548,3.1,4.1,0.76,0.9,3.8,4.7,3.3,1.1,0.1,1.6,1.9,15.2,,0.317,0.45373134328358206,0.308411214953271,0.3643410852713178,0.40740740740740744,0.03225806451612903,0.6122448979591837,0.19197207678883071,0.291,0.2566371681415929,0.4,0.5976008724100328,0.587,0.5125,0.7664835164835164,0.76,0.573170731707317,0.32738204942977334
296.0,Quinten Post,25.0,GSW,PF,67.0,35.0,17.3,2.9,6.6,0.44,1.4,4.1,0.336,1.5,2.4,0.617,0.546,0.5,0.6,0.791,1.0,3.0,4.0,1.4,0.4,0.5,0.8,1.9,7.7,,0.451,0.22985074626865673,0.1308411214953271,0.31007751937984496,0.14814814814814814,0.16129032258064516,0.5282112845138055,0.4258289703315881,0.336,0.3628318584070796,0.2,0.5954198473282443,0.617,0.15,0.43131868131868134,0.791,0.4268292682926829,0.3272325024557628
317.0,Pat Spencer,29.0,GSW,PG,66.0,14.0,18.6,2.8,6.6,0.427,0.9,2.5,0.357,1.9,4.1,0.47,0.495,0.7,0.9,0.772,0.8,1.6,2.4,3.5,0.7,0.1,1.3,1.1,7.2,,0.451,0.21492537313432836,0.3271028037383178,0.18604651162790697,0.25925925925925924,0.03225806451612903,0.5126050420168068,0.4258289703315881,0.357,0.22123893805309733,0.325,0.539803707742639,0.47,0.25625,0.46703296703296704,0.772,0.17073170731707318,0.3268030937675842
98.0,Russell Westbrook,37.0,SAC,SF,64.0,58.0,29.0,5.6,13.1,0.427,2.0,5.9,0.338,3.6,7.2,0.5,0.503,2.0,2.9,0.694,1.3,4.2,5.4,6.7,1.3,0.2,3.3,2.3,15.2,,0.268,0.45373134328358206,0.6261682242990655,0.4186046511627907,0.48148148148148145,0.06451612903225806,0.5126050420168068,0.10645724258289707,0.338,0.5221238938053098,0.825,0.5485278080697927,0.5,0.45,0.7527472527472527,0.694,0.7073170731707317,0.32623462671227244
172.0,Derik Queen,21.0,NOP,C,81.0,48.0,25.0,4.4,9.2,0.473,0.3,1.1,0.261,4.1,8.1,0.502,0.489,2.7,3.4,0.795,1.7,5.4,7.1,3.7,1.0,0.9,2.3,2.7,11.7,,0.317,0.3492537313432836,0.3457943925233645,0.5503875968992248,0.37037037037037035,0.2903225806451613,0.5678271308523409,0.19197207678883071,0.261,0.09734513274336283,0.575,0.5332606324972737,0.502,0.50625,0.6428571428571428,0.795,0.5853658536585366,0.3203445610133356
59.0,DeMar DeRozan,36.0,SAC,PF,77.0,77.0,31.2,6.5,13.1,0.497,0.6,1.9,0.32,5.9,11.1,0.527,0.52,4.9,5.6,0.868,0.5,2.5,2.9,4.1,1.0,0.3,1.2,1.9,18.4,,0.268,0.5492537313432836,0.38317757009345793,0.22480620155038758,0.37037037037037035,0.0967741935483871,0.5966386554621849,0.10645724258289707,0.32,0.16814159292035397,0.3,0.5670665212649946,0.527,0.69375,0.8131868131868132,0.868,0.9390243902439024,0.31692473523244535
199.0,A.J. Green,26.0,MIL,SG,78.0,68.0,29.1,3.4,7.9,0.424,3.0,7.1,0.419,0.4,0.8,0.469,0.612,0.7,0.8,0.855,0.4,2.4,2.7,1.9,0.5,0.1,1.0,2.3,10.4,,0.39,0.31044776119402984,0.17757009345794392,0.20930232558139536,0.18518518518518517,0.03225806451612903,0.5090036014405762,0.3193717277486911,0.419,0.6283185840707964,0.25,0.6673936750272628,0.469,0.05,0.7554945054945055,0.855,0.8292682926829268,0.3159071533720105
110.0,Jeremiah Fears,19.0,NOP,PG,82.0,49.0,25.8,5.3,12.3,0.434,1.2,3.7,0.33,4.1,8.5,0.48,0.485,2.4,3.0,0.789,0.7,2.9,3.7,3.4,1.2,0.4,2.2,1.8,14.3,,0.317,0.42686567164179107,0.31775700934579443,0.2868217054263566,0.4444444444444444,0.12903225806451613,0.5210084033613446,0.19197207678883071,0.33,0.3274336283185841,0.55,0.5288985823336968,0.48,0.53125,0.6648351648351648,0.789,0.5975609756097561,0.3146985662814335
345.0,Will Richard,23.0,GSW,SG,69.0,21.0,20.0,2.3,5.0,0.468,1.0,3.1,0.335,1.3,1.9,0.679,0.571,0.7,0.8,0.852,1.0,1.5,2.5,1.3,1.2,0.1,0.8,1.9,6.4,,0.451,0.191044776119403,0.12149532710280375,0.19379844961240308,0.4444444444444444,0.03225806451612903,0.5618247298919569,0.4258289703315881,0.335,0.2743362831858407,0.2,0.6226826608505998,0.679,0.11875,0.5054945054945055,0.852,0.25609756097560976,0.31214130885272706
127.0,Cedric Coward,22.0,MEM,SG,62.0,47.0,25.8,4.9,10.5,0.471,1.5,4.4,0.338,3.4,6.0,0.568,0.542,2.3,2.7,0.843,1.3,4.5,5.9,2.8,0.6,0.4,1.7,2.0,13.6,ROY-5,0.305,0.4059701492537313,0.2616822429906542,0.45736434108527135,0.2222222222222222,0.12903225806451613,0.5654261704681872,0.17102966841186734,0.338,0.3893805309734513,0.425,0.5910577971646674,0.568,0.375,0.6648351648351648,0.843,0.573170731707317,0.3047143151386096
232.0,Isaac Okoro,25.0,CHI,SG,63.0,62.0,26.9,3.3,7.3,0.46,1.2,3.5,0.33,2.2,3.8,0.58,0.539,1.4,1.8,0.795,1.1,1.7,2.7,1.6,0.7,0.5,0.7,2.6,9.3,,0.378,0.2776119402985075,0.14953271028037385,0.20930232558139536,0.25925925925925924,0.16129032258064516,0.5522208883553422,0.29842931937172773,0.33,0.30973451327433627,0.175,0.5877862595419847,0.58,0.2375,0.695054945054945,0.795,0.7560975609756098,0.29718892338477704
141.0,Brandon Williams,26.0,DAL,PG,66.0,15.0,22.2,4.4,9.3,0.472,0.5,2.3,0.232,3.9,7.0,0.552,0.501,3.7,4.6,0.793,0.5,2.4,2.9,3.9,0.9,0.3,1.9,1.6,13.0,,0.317,0.3880597014925373,0.36448598130841126,0.22480620155038758,0.3333333333333333,0.0967741935483871,0.5666266506602641,0.19197207678883071,0.232,0.20353982300884954,0.475,0.5463467829880043,0.552,0.4375,0.5659340659340659,0.793,0.18292682926829268,0.29478593445991524
149.0,Max Christie,22.0,DAL,SG,77.0,68.0,29.1,4.2,9.4,0.441,2.3,5.8,0.404,1.8,3.6,0.502,0.566,1.6,1.8,0.899,0.2,3.0,3.2,2.0,0.6,0.4,1.2,1.3,12.3,,0.317,0.36716417910447763,0.1869158878504673,0.24806201550387597,0.2222222222222222,0.12903225806451613,0.5294117647058824,0.19197207678883071,0.404,0.5132743362831858,0.3,0.6172300981461286,0.502,0.225,0.7554945054945055,0.899,0.8292682926829268,0.28652047850317897
185.0,Cam Spencer,25.0,MEM,SG,72.0,20.0,23.8,3.7,7.7,0.473,2.0,4.5,0.449,1.6,3.2,0.506,0.604,1.8,1.9,0.94,0.6,2.0,2.5,5.6,0.7,0.2,1.3,1.4,11.1,,0.305,0.33134328358208953,0.5233644859813084,0.19379844961240308,0.25925925925925924,0.06451612903225806,0.5678271308523409,0.17102966841186734,0.449,0.3982300884955752,0.325,0.658669574700109,0.506,0.2,0.6098901098901099,0.94,0.24390243902439024,0.2835221810867106
408.0,Jericho Sims,27.0,MIL,C,67.0,19.0,19.7,2.2,2.8,0.784,0.0,0.0,,2.2,2.8,0.784,0.784,0.7,1.1,0.62,2.2,3.3,5.5,1.6,0.3,0.3,1.1,2.2,5.0,,0.39,0.14925373134328357,0.14953271028037385,0.4263565891472868,0.1111111111111111,0.0967741935483871,0.9411764705882354,0.3193717277486911,,0.0,0.275,0.8549618320610687,0.784,0.175,0.4972527472527472,0.62,0.23170731707317074,0.2819205364471116
120.0,Ace Bailey,19.0,UTA,SF,72.0,61.0,27.6,5.5,12.4,0.443,1.9,5.5,0.344,3.6,6.9,0.522,0.52,0.9,1.2,0.75,1.4,2.8,4.2,1.8,0.8,0.7,1.5,2.7,13.8,,0.268,0.4119402985074627,0.16822429906542058,0.32558139534883723,0.2962962962962963,0.2258064516129032,0.5318127250900361,0.10645724258289707,0.344,0.48672566371681414,0.375,0.5670665212649946,0.522,0.43125,0.7142857142857143,0.75,0.7439024390243902,0.2704831867271116
147.0,Maxime Raynaud,22.0,SAC,C,74.0,56.0,26.5,5.2,9.1,0.571,0.3,1.0,0.324,4.9,8.1,0.601,0.589,1.8,2.3,0.786,1.9,5.6,7.5,1.4,0.5,0.5,1.3,2.3,12.5,,0.268,0.373134328358209,0.1308411214953271,0.5813953488372093,0.18518518518518517,0.16129032258064516,0.6854741896758704,0.10645724258289707,0.324,0.08849557522123894,0.325,0.6423118865866957,0.601,0.50625,0.6840659340659341,0.786,0.6829268292682927,0.2704726942534355
148.0,Jaylen Wells,22.0,MEM,SG,69.0,69.0,26.4,4.4,10.1,0.431,1.9,5.3,0.353,2.5,4.8,0.517,0.524,1.9,2.5,0.784,0.9,2.3,3.2,1.6,0.9,0.1,1.1,2.1,12.5,,0.305,0.373134328358209,0.14953271028037385,0.24806201550387597,0.3333333333333333,0.03225806451612903,0.5174069627851141,0.17102966841186734,0.353,0.4690265486725663,0.275,0.5714285714285714,0.517,0.3,0.6813186813186812,0.784,0.8414634146341463,0.2681480374288333
326.0,Patrick Williams,24.0,CHI,PF,72.0,6.0,20.5,2.5,6.6,0.372,1.3,3.8,0.347,1.2,2.8,0.407,0.472,0.8,1.0,0.72,0.7,2.3,3.0,1.5,0.7,0.4,1.0,1.3,7.0,,0.378,0.208955223880597,0.14018691588785048,0.23255813953488372,0.25925925925925924,0.12903225806451613,0.44657863145258103,0.29842931937172773,0.347,0.33628318584070793,0.25,0.5147219193020719,0.407,0.175,0.5192307692307692,0.72,0.07317073170731707,0.2669551677506718
178.0,Kyle Filipowski,22.0,UTA,C,77.0,41.0,23.4,4.2,8.5,0.492,1.0,3.0,0.325,3.2,5.6,0.58,0.548,2.1,2.8,0.75,1.9,5.3,7.2,2.6,0.9,0.5,1.6,3.0,11.4,,0.268,0.3402985074626866,0.2429906542056075,0.5581395348837209,0.3333333333333333,0.16129032258064516,0.5906362545018007,0.10645724258289707,0.325,0.2654867256637168,0.4,0.5976008724100328,0.58,0.35,0.5989010989010989,0.75,0.5,0.26661735888937743
282.0,Gary Trent Jr.,27.0,MIL,SG,65.0,21.0,21.2,2.8,7.3,0.387,1.9,5.3,0.36,0.9,2.0,0.458,0.517,0.6,0.8,0.769,0.1,0.9,1.0,1.2,0.5,0.0,0.6,1.3,8.1,,0.39,0.2417910447761194,0.11214953271028037,0.07751937984496124,0.18518518518518517,0.0,0.4645858343337335,0.3193717277486911,0.36,0.4690265486725663,0.15,0.5637949836423118,0.458,0.125,0.5384615384615384,0.769,0.25609756097560976,0.2653028896449584
102.0,Brice Sensabaugh,22.0,UTA,SF,75.0,22.0,23.5,5.3,11.4,0.46,2.2,5.9,0.367,3.1,5.5,0.559,0.554,2.2,2.7,0.826,0.7,2.3,3.1,1.9,0.7,0.2,1.7,1.9,14.9,,0.268,0.44477611940298506,0.17757009345794392,0.24031007751937986,0.25925925925925924,0.06451612903225806,0.5522208883553422,0.10645724258289707,0.367,0.5221238938053098,0.425,0.604143947655398,0.559,0.34375,0.6016483516483516,0.826,0.2682926829268293,0.26167350172621745
173.0,Klay Thompson,35.0,DAL,SF,69.0,8.0,21.7,4.1,10.6,0.393,2.9,7.6,0.383,1.2,2.9,0.418,0.532,0.5,0.7,0.766,0.3,1.8,2.1,1.4,0.5,0.3,0.9,1.0,11.7,,0.317,0.3492537313432836,0.1308411214953271,0.16279069767441862,0.18518518518518517,0.0967741935483871,0.4717887154861945,0.19197207678883071,0.383,0.6725663716814159,0.225,0.5801526717557252,0.418,0.18125,0.5521978021978021,0.766,0.0975609756097561,0.2564781078641848
210.0,Precious Achiuwa,26.0,SAC,C,73.0,57.0,23.9,4.3,8.2,0.528,0.4,1.3,0.278,4.0,6.9,0.577,0.551,1.1,1.9,0.554,2.4,4.3,6.7,1.4,0.9,0.7,0.9,1.7,10.1,,0.268,0.30149253731343284,0.1308411214953271,0.5193798449612403,0.3333333333333333,0.2258064516129032,0.6338535414165667,0.10645724258289707,0.278,0.11504424778761062,0.225,0.6008724100327154,0.577,0.43125,0.6126373626373626,0.554,0.6951219512195121,0.24674808718101623
146.0,Malik Monk,27.0,SAC,SG,62.0,3.0,22.0,4.5,10.2,0.438,2.0,5.1,0.395,2.5,5.1,0.481,0.536,1.5,1.7,0.879,0.2,1.6,1.9,3.0,0.6,0.4,1.5,1.6,12.5,,0.268,0.373134328358209,0.28037383177570097,0.14728682170542634,0.2222222222222222,0.12903225806451613,0.5258103241296519,0.10645724258289707,0.395,0.4513274336283185,0.375,0.5845147219193021,0.481,0.31875,0.5604395604395604,0.879,0.036585365853658534,0.24318234642356049
376.0,Yves Missi,21.0,NOP,C,66.0,14.0,19.7,2.4,4.5,0.544,0.0,0.0,0.0,2.4,4.4,0.546,0.544,0.9,1.5,0.559,2.8,3.1,5.8,1.3,0.3,1.5,0.8,1.7,5.7,,0.317,0.1701492537313433,0.12149532710280375,0.44961240310077516,0.1111111111111111,0.48387096774193544,0.653061224489796,0.19197207678883071,0.0,0.0,0.2,0.5932388222464559,0.546,0.275,0.4972527472527472,0.559,0.17073170731707318,0.24284930523797643
336.0,Ryan Nembhard,22.0,DAL,PG,60.0,27.0,19.5,2.7,6.5,0.415,0.8,2.3,0.356,1.9,4.3,0.447,0.477,0.4,0.5,0.806,0.2,2.0,2.2,5.3,0.4,0.0,1.4,1.4,6.6,,0.317,0.1970149253731343,0.4953271028037383,0.17054263565891473,0.14814814814814814,0.0,0.49819927971188477,0.19197207678883071,0.356,0.20353982300884954,0.35,0.520174482006543,0.447,0.26875,0.49175824175824173,0.806,0.32926829268292684,0.23532458838572676
176.0,Jarace Walker,22.0,IND,PF,76.0,41.0,25.7,4.0,9.6,0.419,1.8,4.7,0.374,2.3,5.0,0.462,0.51,1.8,2.4,0.749,0.6,4.5,5.1,2.5,0.8,0.3,1.8,1.6,11.6,,0.232,0.3462686567164179,0.23364485981308414,0.3953488372093023,0.2962962962962963,0.0967741935483871,0.503001200480192,0.043630017452007015,0.374,0.415929203539823,0.45,0.5561613958560523,0.462,0.3125,0.6620879120879121,0.749,0.5,0.22836233890043658
256.0,Nique Clifford,23.0,SAC,SG,75.0,28.0,25.1,3.3,7.9,0.418,1.0,3.1,0.333,2.3,4.9,0.471,0.482,0.9,1.3,0.722,0.9,2.9,3.8,2.4,0.9,0.3,1.5,2.1,8.6,,0.268,0.25671641791044775,0.22429906542056074,0.2945736434108527,0.3333333333333333,0.0967741935483871,0.5018007202881153,0.10645724258289707,0.333,0.2743362831858407,0.375,0.5256270447110142,0.471,0.30625,0.6456043956043956,0.722,0.34146341463414637,0.2200856604799596
374.0,Karlo Matković,24.0,NOP,PF,62.0,2.0,14.7,2.3,3.8,0.604,0.6,1.5,0.422,1.7,2.3,0.717,0.685,0.5,0.7,0.732,1.2,2.5,3.7,0.8,0.4,0.9,0.5,1.7,5.7,,0.317,0.1701492537313433,0.07476635514018692,0.2868217054263566,0.14814814814814814,0.2903225806451613,0.7250900360144058,0.19197207678883071,0.422,0.1327433628318584,0.125,0.7470010905125409,0.717,0.14375,0.3598901098901099,0.732,0.024390243902439025,0.21731131889217137
226.0,Jay Huff,27.0,IND,C,82.0,47.0,21.0,3.5,7.5,0.476,1.5,4.5,0.319,2.1,2.9,0.723,0.574,1.0,1.2,0.828,0.9,3.1,4.0,1.5,0.5,1.9,0.9,2.4,9.5,,0.232,0.2835820895522388,0.14018691588785048,0.31007751937984496,0.18518518518518517,0.6129032258064515,0.5714285714285714,0.043630017452007015,0.319,0.3982300884955752,0.225,0.6259541984732824,0.723,0.18125,0.532967032967033,0.828,0.573170731707317,0.21566123554335376
250.0,Cody Williams,21.0,UTA,SG,67.0,41.0,24.3,3.6,7.6,0.468,0.4,2.0,0.214,3.1,5.6,0.556,0.495,1.3,1.8,0.706,0.9,2.0,3.0,2.0,0.8,0.4,1.1,1.8,8.8,,0.268,0.26268656716417915,0.1869158878504673,0.23255813953488372,0.2962962962962963,0.12903225806451613,0.5618247298919569,0.10645724258289707,0.214,0.17699115044247787,0.275,0.539803707742639,0.556,0.35,0.6236263736263736,0.706,0.5,0.2137061892089714
193.0,Bub Carrington,20.0,WAS,PG,82.0,48.0,27.7,3.8,9.0,0.424,2.1,5.0,0.408,1.8,4.0,0.443,0.538,1.0,1.4,0.73,0.4,3.0,3.4,4.6,0.6,0.2,2.3,2.2,10.7,,0.207,0.31940298507462683,0.42990654205607476,0.2635658914728682,0.2222222222222222,0.06451612903225806,0.5090036014405762,0.0,0.408,0.44247787610619466,0.575,0.5866957470010905,0.443,0.25,0.717032967032967,0.73,0.5853658536585366,0.21182067086548537
155.0,Tre Johnson,19.0,WAS,SG,60.0,42.0,24.1,4.5,10.8,0.419,1.9,5.4,0.358,2.6,5.4,0.479,0.508,1.3,1.5,0.874,0.5,2.4,2.8,2.0,0.6,0.3,1.6,2.0,12.2,,0.207,0.3641791044776119,0.1869158878504673,0.21705426356589144,0.2222222222222222,0.0967741935483871,0.503001200480192,0.0,0.358,0.4778761061946903,0.4,0.5539803707742639,0.479,0.3375,0.6181318681318682,0.874,0.5121951219512195,0.1948243900460328
479.0,Dwight Powell,34.0,DAL,C,63.0,12.0,14.3,1.0,1.6,0.644,0.0,0.1,0.286,1.0,1.5,0.67,0.653,1.2,1.8,0.696,1.5,2.6,4.1,1.1,0.5,0.3,0.7,2.1,3.3,,0.317,0.09850746268656715,0.10280373831775702,0.31782945736434104,0.18518518518518517,0.0967741935483871,0.773109243697479,0.19197207678883071,0.286,0.008849557522123894,0.175,0.7121046892039259,0.67,0.09375,0.34890109890109894,0.696,0.14634146341463414,0.1919995833840532
251.0,Justin Champagnie,24.0,WAS,SF,69.0,19.0,20.0,3.4,6.7,0.502,0.8,2.4,0.319,2.6,4.3,0.605,0.56,1.2,1.5,0.784,2.1,3.5,5.6,1.2,0.9,0.6,0.7,1.7,8.7,,0.207,0.2597014925373134,0.11214953271028037,0.4341085271317829,0.3333333333333333,0.1935483870967742,0.602641056422569,0.0,0.319,0.21238938053097342,0.175,0.6106870229007634,0.605,0.26875,0.5054945054945055,0.784,0.23170731707317074,0.17727525471338304
441.0,Micah Peavy,24.0,NOP,SG,61.0,4.0,15.0,1.7,4.5,0.385,0.5,1.8,0.259,1.3,2.7,0.467,0.436,0.4,0.5,0.759,0.8,1.2,1.9,1.0,0.7,0.1,0.3,1.6,4.3,,0.317,0.12835820895522387,0.09345794392523366,0.14728682170542634,0.25925925925925924,0.03225806451612903,0.46218487394957986,0.19197207678883071,0.259,0.1592920353982301,0.075,0.47546346782988,0.467,0.16875,0.36813186813186816,0.759,0.04878048780487805,0.1761252014655098
204.0,Will Riley,19.0,WAS,SF,74.0,18.0,22.1,3.7,8.4,0.439,1.1,3.3,0.316,2.6,5.0,0.52,0.502,1.9,2.4,0.8,0.8,2.1,2.9,2.0,0.7,0.1,1.3,1.2,10.3,,0.207,0.3074626865671642,0.1869158878504673,0.22480620155038758,0.25925925925925924,0.03225806451612903,0.5270108043217288,0.0,0.316,0.29203539823008845,0.325,0.5474372955288985,0.52,0.3125,0.5631868131868132,0.8,0.21951219512195122,0.1738095514011871
322.0,Ben Sheppard,24.0,IND,SG,65.0,20.0,21.4,2.6,6.0,0.434,1.3,3.6,0.362,1.3,2.4,0.542,0.543,0.6,0.8,0.765,0.7,2.3,3.0,1.8,0.6,0.1,0.6,1.8,7.1,,0.232,0.21194029850746268,0.16822429906542058,0.23255813953488372,0.2222222222222222,0.03225806451612903,0.5210084033613446,0.043630017452007015,0.362,0.3185840707964602,0.15,0.5921483097055616,0.542,0.15,0.5439560439560439,0.765,0.24390243902439024,0.1632902837012889
338.0,Oso Ighodaro,23.0,PHO,PF,82.0,24.0,22.0,2.9,4.5,0.653,0.0,0.0,0.0,2.9,4.5,0.655,0.653,0.6,1.4,0.453,1.7,3.4,5.1,2.3,0.9,0.7,1.2,2.7,6.5,,,0.19402985074626866,0.21495327102803738,0.3953488372093023,0.3333333333333333,0.2258064516129032,0.7839135654261705,,0.0,0.0,0.3,0.7121046892039259,0.655,0.28125,0.5604395604395604,0.453,0.2926829268292683,
391.0,Sion James,23.0,CHO,SG,82.0,19.0,22.5,1.7,4.5,0.371,1.0,2.9,0.352,0.7,1.7,0.404,0.483,1.0,1.2,0.837,0.6,2.9,3.5,2.0,0.6,0.2,0.8,1.8,5.4,,,0.16119402985074627,0.1869158878504673,0.2713178294573643,0.2222222222222222,0.06451612903225806,0.44537815126050423,,0.352,0.2566371681415929,0.2,0.5267175572519084,0.404,0.10625,0.5741758241758241,0.837,0.23170731707317074,
58.0,Kon Knueppel,20.0,CHO,SF,81.0,80.0,31.5,6.4,13.4,0.475,3.4,7.9,0.425,3.0,5.5,0.548,0.601,2.4,2.8,0.863,1.2,4.1,5.3,3.4,0.7,0.2,2.0,2.1,18.5,ROY-2,,0.5522388059701493,0.31775700934579443,0.4108527131782945,0.25925925925925924,0.06451612903225806,0.5702280912364946,,0.425,0.6991150442477876,0.5,0.6553980370774264,0.548,0.34375,0.8214285714285714,0.863,0.975609756097561,
143.0,Collin Gillespie,26.0,PHO,PG,80.0,58.0,28.5,4.4,10.5,0.418,2.9,7.2,0.401,1.5,3.3,0.455,0.556,1.0,1.1,0.874,1.1,3.0,4.1,4.6,1.2,0.2,1.6,1.6,12.7,,,0.37910447761194027,0.42990654205607476,0.31782945736434104,0.4444444444444444,0.06451612903225806,0.5018007202881153,,0.401,0.6371681415929203,0.4,0.6063249727371866,0.455,0.20625,0.739010989010989,0.874,0.7073170731707317,
264.0,Luke Kennard,29.0,2TM,SG,78.0,6.0,21.6,3.0,5.7,0.533,1.5,3.1,0.478,1.5,2.5,0.601,0.665,0.8,0.9,0.913,0.4,1.9,2.3,2.2,0.7,0.1,0.8,1.3,8.4,,,0.25074626865671645,0.20560747663551404,0.17829457364341084,0.25925925925925924,0.03225806451612903,0.6398559423769509,,0.478,0.2743362831858407,0.2,0.7251908396946565,0.601,0.15625,0.5494505494505495,0.913,0.07317073170731707,
220.0,Royce O'Neale,32.0,PHO,SF,78.0,67.0,28.4,3.4,8.0,0.421,2.7,6.7,0.408,0.7,1.3,0.486,0.59,0.3,0.5,0.711,0.8,4.0,4.8,2.7,1.1,0.4,1.3,2.3,9.8,,,0.29253731343283584,0.25233644859813087,0.37209302325581395,0.40740740740740744,0.12903225806451613,0.5054021608643458,,0.408,0.5929203539823009,0.325,0.6434023991275899,0.486,0.08125,0.7362637362637362,0.711,0.8170731707317073,
71.0,Miles Bridges,27.0,CHO,PF,77.0,77.0,31.0,6.2,13.5,0.46,1.9,5.8,0.333,4.3,7.8,0.554,0.531,2.7,3.3,0.822,1.0,4.9,5.8,3.2,0.6,0.4,1.4,1.7,17.1,,,0.5104477611940299,0.2990654205607477,0.44961240310077516,0.2222222222222222,0.12903225806451613,0.5522208883553422,,0.333,0.5132743362831858,0.35,0.579062159214831,0.554,0.4875,0.8076923076923077,0.822,0.9390243902439024,
55.0,CJ McCollum,34.0,2TM,PG,76.0,60.0,29.8,6.9,15.2,0.455,2.5,6.7,0.375,4.4,8.5,0.519,0.538,2.4,3.1,0.772,0.8,2.5,3.3,3.9,0.8,0.5,1.8,1.9,18.7,,,0.5582089552238806,0.36448598130841126,0.25581395348837205,0.2962962962962963,0.16129032258064516,0.546218487394958,,0.375,0.5929203539823009,0.45,0.5866957470010905,0.519,0.53125,0.7747252747252747,0.772,0.7317073170731707,
289.0,Moussa Diabaté,24.0,CHO,C,73.0,47.0,26.0,3.1,5.0,0.631,0.0,0.0,0.5,3.1,4.9,0.632,0.632,1.6,2.4,0.659,3.7,5.0,8.7,1.9,0.8,1.0,1.0,2.4,7.9,,,0.23582089552238808,0.17757009345794392,0.6744186046511628,0.2962962962962963,0.3225806451612903,0.7575030012004802,,0.5,0.0,0.25,0.6892039258451472,0.632,0.30625,0.6703296703296703,0.659,0.573170731707317,
44.0,LaMelo Ball,24.0,CHO,PG,72.0,69.0,28.0,7.0,17.3,0.407,3.8,10.3,0.368,3.3,7.0,0.464,0.516,2.2,2.5,0.899,0.9,3.9,4.8,7.1,1.2,0.2,2.8,2.7,20.1,,,0.6000000000000001,0.6635514018691588,0.37209302325581395,0.4444444444444444,0.06451612903225806,0.4885954381752701,,0.368,0.911504424778761,0.7,0.5627044711014176,0.464,0.4375,0.7252747252747253,0.899,0.8414634146341463,
331.0,Keon Ellis,26.0,2TM,SG,72.0,11.0,20.5,2.3,5.3,0.44,1.3,3.5,0.363,1.1,1.8,0.586,0.559,0.7,1.0,0.729,0.5,1.3,1.9,1.0,1.2,0.6,0.6,1.9,6.7,,,0.2,0.09345794392523366,0.14728682170542634,0.4444444444444444,0.1935483870967742,0.5282112845138055,,0.363,0.30973451327433627,0.15,0.6095965103598692,0.586,0.1125,0.5192307692307692,0.729,0.13414634146341464,
190.0,Dennis Schröder,32.0,2TM,PG,70.0,17.0,24.2,3.6,9.0,0.405,1.1,3.3,0.329,2.6,5.7,0.449,0.465,2.4,2.9,0.834,0.5,2.2,2.7,4.9,0.8,0.2,1.8,1.6,10.8,,,0.32238805970149254,0.4579439252336449,0.20930232558139536,0.2962962962962963,0.06451612903225806,0.4861944777911165,,0.329,0.29203539823008845,0.45,0.5070883315158125,0.449,0.35625,0.6208791208791209,0.834,0.2073170731707317,
252.0,Jordan Goodwin,27.0,PHO,PG,70.0,10.0,22.5,3.3,7.9,0.413,1.6,4.3,0.371,1.7,3.6,0.462,0.514,0.6,0.8,0.696,2.0,2.9,4.9,2.2,1.5,0.2,1.0,1.9,8.7,,,0.2597014925373134,0.20560747663551404,0.3798449612403101,0.5555555555555555,0.06451612903225806,0.4957983193277311,,0.371,0.3805309734513274,0.25,0.5605234460196292,0.462,0.225,0.5741758241758241,0.696,0.12195121951219512,
22.0,James Harden,36.0,2TM,PG,70.0,70.0,34.8,7.0,16.0,0.434,3.1,8.2,0.375,3.9,7.9,0.495,0.529,6.6,7.5,0.884,0.6,4.2,4.8,8.0,1.1,0.4,3.5,2.0,23.6,,,0.7044776119402986,0.7476635514018692,0.37209302325581395,0.40740740740740744,0.12903225806451613,0.5210084033613446,,0.375,0.7256637168141592,0.875,0.5768811341330425,0.495,0.49375,0.912087912087912,0.884,0.8536585365853658,
366.0,Ryan Dunn,23.0,PHO,SF,70.0,16.0,19.4,2.3,5.2,0.453,0.8,2.4,0.331,1.5,2.8,0.56,0.53,0.3,0.7,0.489,1.4,2.8,4.2,1.5,0.9,0.4,0.8,1.9,5.8,,,0.17313432835820894,0.14018691588785048,0.32558139534883723,0.3333333333333333,0.12903225806451613,0.5438175270108043,,0.331,0.21238938053097342,0.2,0.5779716466739367,0.56,0.175,0.48901098901098894,0.489,0.1951219512195122,
169.0,Nic Claxton,26.0,BRK,C,69.0,68.0,27.8,4.8,8.4,0.571,0.0,0.3,0.158,4.8,8.2,0.585,0.574,2.0,3.3,0.616,2.4,4.5,6.9,3.7,0.7,1.1,1.4,2.3,11.7,,,0.3492537313432836,0.3457943925233645,0.5348837209302326,0.25925925925925924,0.3548387096774194,0.6854741896758704,,0.158,0.026548672566371678,0.35,0.6259541984732824,0.585,0.5125,0.7197802197802198,0.616,0.8292682926829268,
103.0,Ayo Dosunmu,26.0,2TM,SG,69.0,19.0,27.3,5.6,10.8,0.517,1.8,4.1,0.439,3.8,6.8,0.563,0.599,1.8,2.1,0.876,0.7,2.8,3.4,3.6,0.8,0.3,1.4,1.9,14.8,6MOY-9,,0.4417910447761194,0.33644859813084116,0.2635658914728682,0.2962962962962963,0.0967741935483871,0.6206482593037216,,0.439,0.3628318584070796,0.35,0.6532170119956379,0.563,0.425,0.7060439560439561,0.876,0.23170731707317074,
299.0,Ryan Kalkbrenner,24.0,CHO,C,69.0,31.0,21.4,3.2,4.2,0.753,0.0,0.1,0.0,3.2,4.1,0.766,0.753,1.2,1.7,0.716,2.4,3.0,5.5,0.8,0.5,1.5,0.9,1.6,7.6,,,0.22686567164179103,0.07476635514018692,0.4263565891472868,0.18518518518518517,0.48387096774193544,0.9039615846338536,,0.0,0.008849557522123894,0.225,0.8211559432933478,0.766,0.25625,0.5439560439560439,0.716,0.3780487804878049,
292.0,Walter Clayton,22.0,2TM,PG,69.0,6.0,20.4,2.6,6.7,0.384,1.1,3.5,0.307,1.5,3.1,0.47,0.465,1.6,1.8,0.901,0.4,1.7,2.0,4.0,0.6,0.3,1.7,1.7,7.8,,,0.23283582089552238,0.3738317757009346,0.15503875968992248,0.2222222222222222,0.0967741935483871,0.46098439375750305,,0.307,0.30973451327433627,0.425,0.5070883315158125,0.47,0.19375,0.5164835164835164,0.901,0.07317073170731707,
212.0,Kevin Huerter,27.0,2TM,SF,69.0,14.0,22.4,3.9,8.6,0.451,1.4,4.7,0.308,2.4,3.9,0.624,0.535,0.8,1.0,0.775,0.5,3.0,3.5,2.6,0.9,0.5,1.0,1.7,10.0,,,0.29850746268656714,0.2429906542056075,0.2713178294573643,0.3333333333333333,0.16129032258064516,0.5414165666266507,,0.308,0.415929203539823,0.25,0.5834242093784079,0.624,0.24375,0.5714285714285714,0.775,0.17073170731707318,
307.0,Jose Alvarado,27.0,2TM,PG,69.0,3.0,19.9,2.7,6.5,0.416,1.5,4.2,0.352,1.2,2.3,0.531,0.529,0.5,0.7,0.761,0.4,2.1,2.5,3.4,1.0,0.1,1.1,1.9,7.4,,,0.2208955223880597,0.31775700934579443,0.19379844961240308,0.37037037037037035,0.03225806451612903,0.49939975990396157,,0.352,0.3716814159292035,0.275,0.5768811341330425,0.531,0.14375,0.5027472527472527,0.761,0.036585365853658534,
92.0,Collin Sexton,27.0,2TM,SG,68.0,22.0,23.7,5.3,10.9,0.485,1.6,4.1,0.401,3.6,6.8,0.536,0.561,3.2,3.8,0.855,0.6,1.7,2.3,3.3,1.1,0.1,2.1,2.1,15.4,,,0.45970149253731346,0.308411214953271,0.17829457364341084,0.40740740740740744,0.03225806451612903,0.5822328931572629,,0.401,0.3628318584070796,0.525,0.6117775354416576,0.536,0.425,0.6071428571428571,0.855,0.2682926829268293,
195.0,Jock Landale,30.0,2TM,C,68.0,27.0,22.1,4.1,8.1,0.515,1.1,2.8,0.383,3.1,5.2,0.586,0.582,1.2,1.9,0.635,2.7,3.0,5.7,1.7,0.5,0.5,0.9,2.2,10.6,,,0.3164179104477612,0.15887850467289721,0.4418604651162791,0.18518518518518517,0.16129032258064516,0.6182472989195679,,0.383,0.247787610619469,0.225,0.6346782988004361,0.586,0.325,0.5631868131868132,0.635,0.32926829268292684,
378.0,Guerschon Yabusele,30.0,2TM,C,67.0,19.0,15.0,1.9,4.7,0.401,1.0,2.9,0.352,0.8,1.7,0.483,0.511,0.8,1.1,0.75,0.8,2.7,3.5,0.9,0.4,0.2,0.6,1.2,5.6,,,0.1671641791044776,0.08411214953271029,0.2713178294573643,0.14814814814814814,0.06451612903225806,0.4813925570228092,,0.352,0.2566371681415929,0.15,0.5572519083969466,0.483,0.10625,0.36813186813186816,0.75,0.23170731707317074,
267.0,Jared McCain,21.0,2TM,SG,67.0,3.0,17.3,3.0,7.2,0.425,1.5,3.8,0.385,1.6,3.3,0.471,0.528,0.8,0.9,0.864,0.3,1.7,2.0,1.3,0.5,0.1,0.8,1.2,8.3,,,0.24776119402985078,0.12149532710280375,0.15503875968992248,0.18518518518518517,0.03225806451612903,0.5102040816326531,,0.385,0.33628318584070793,0.2,0.5757906215921483,0.471,0.20625,0.43131868131868134,0.864,0.036585365853658534,
488.0,Tyus Jones,29.0,3TM,PG,67.0,12.0,14.6,1.1,3.3,0.349,0.6,2.0,0.292,0.5,1.2,0.444,0.44,0.1,0.1,0.778,0.2,1.0,1.1,2.4,0.6,0.0,0.4,0.5,3.0,,,0.08955223880597014,0.22429906542056074,0.08527131782945736,0.2222222222222222,0.0,0.4189675870348139,,0.292,0.17699115044247787,0.1,0.4798255179934569,0.444,0.075,0.35714285714285715,0.778,0.14634146341463414,
150.0,Noah Clowney,21.0,BRK,PF,66.0,60.0,27.0,3.8,9.6,0.396,2.0,5.9,0.329,1.8,3.6,0.506,0.498,2.7,3.4,0.804,0.8,3.3,4.1,1.6,0.8,0.7,1.5,2.5,12.3,,,0.36716417910447763,0.14953271028037385,0.31782945736434104,0.2962962962962963,0.2258064516129032,0.475390156062425,,0.329,0.5221238938053098,0.375,0.5430752453653217,0.506,0.225,0.6978021978021978,0.804,0.7317073170731707,
347.0,Rob Dillingham,21.0,2TM,PG,65.0,0.0,14.9,2.5,6.3,0.396,0.6,2.0,0.316,1.9,4.3,0.434,0.447,0.6,0.8,0.745,0.3,1.7,2.0,2.2,0.7,0.1,1.5,1.8,6.3,,,0.1880597014925373,0.20560747663551404,0.15503875968992248,0.25925925925925924,0.03225806451612903,0.475390156062425,,0.316,0.17699115044247787,0.375,0.48745910577971646,0.434,0.26875,0.3653846153846154,0.745,0.0,
259.0,Vít Krejčí,25.0,2TM,PG,65.0,8.0,21.4,3.0,6.6,0.448,2.0,5.0,0.39,1.0,1.6,0.634,0.597,0.6,0.8,0.745,0.5,1.8,2.3,1.5,0.7,0.3,0.6,2.1,8.5,,,0.2537313432835821,0.14018691588785048,0.17829457364341084,0.25925925925925924,0.0967741935483871,0.5378151260504203,,0.39,0.44247787610619466,0.15,0.6510359869138495,0.634,0.1,0.5439560439560439,0.745,0.0975609756097561,
42.0,Brandon Miller,23.0,CHO,SF,65.0,65.0,30.3,7.0,16.1,0.435,3.1,8.2,0.383,3.8,7.9,0.489,0.533,3.1,3.4,0.892,1.1,3.8,4.9,3.3,1.0,0.7,2.5,2.8,20.2,,,0.6029850746268657,0.308411214953271,0.3798449612403101,0.37037037037037035,0.2258064516129032,0.5222088835534214,,0.383,0.7256637168141592,0.625,0.5812431842966194,0.489,0.49375,0.7884615384615384,0.892,0.7926829268292683,
13.0,Devin Booker,29.0,PHO,SG,64.0,64.0,33.5,8.5,18.7,0.456,1.9,5.8,0.33,6.6,12.9,0.512,0.507,7.1,8.1,0.873,0.8,3.1,3.9,6.0,0.8,0.3,3.1,2.6,26.1,AS,,0.7791044776119403,0.5607476635514019,0.3023255813953488,0.2962962962962963,0.0967741935483871,0.5474189675870349,,0.33,0.5132743362831858,0.775,0.5528898582333697,0.512,0.80625,0.8763736263736264,0.873,0.7804878048780488,
99.0,Nikola Vučević,35.0,2TM,C,64.0,49.0,28.4,6.2,12.5,0.493,1.6,4.2,0.369,4.6,8.3,0.557,0.556,1.2,1.5,0.828,2.0,6.4,8.4,3.3,0.6,0.6,1.3,2.0,15.1,,,0.4507462686567164,0.308411214953271,0.6511627906976745,0.2222222222222222,0.1935483870967742,0.5918367346938775,,0.369,0.3716814159292035,0.325,0.6063249727371866,0.557,0.51875,0.7362637362637362,0.828,0.5975609756097561,
395.0,Rayan Rupert,21.0,2TM,SG,64.0,8.0,16.8,1.9,4.9,0.393,0.7,2.1,0.324,1.2,2.8,0.446,0.463,0.7,0.8,0.778,0.8,2.2,2.9,1.1,0.9,0.1,0.9,1.9,5.2,,,0.15522388059701492,0.10280373831775702,0.22480620155038758,0.3333333333333333,0.03225806451612903,0.4717887154861945,,0.324,0.18584070796460175,0.225,0.504907306434024,0.446,0.175,0.41758241758241765,0.778,0.0975609756097561,
205.0,Khris Middleton,34.0,2TM,SF,63.0,50.0,22.8,3.6,8.6,0.42,1.1,3.0,0.36,2.5,5.6,0.452,0.482,1.9,2.2,0.875,0.8,2.9,3.7,2.8,0.7,0.1,1.7,2.3,10.2,,,0.3044776119402985,0.2616822429906542,0.2868217054263566,0.25925925925925924,0.03225806451612903,0.5042016806722689,,0.36,0.2654867256637168,0.425,0.5256270447110142,0.452,0.35,0.5824175824175825,0.875,0.6097560975609756,
340.0,Drake Powell,20.0,BRK,SG,63.0,24.0,21.0,2.3,5.7,0.402,0.8,2.9,0.28,1.5,2.8,0.528,0.473,1.1,1.2,0.896,0.3,1.4,1.8,1.4,0.6,0.2,1.0,1.4,6.5,,,0.19402985074626866,0.1308411214953271,0.13953488372093023,0.2222222222222222,0.06451612903225806,0.482593037214886,,0.28,0.2566371681415929,0.25,0.5158124318429661,0.528,0.175,0.532967032967033,0.896,0.2926829268292683,
316.0,Terance Mann,29.0,BRK,SG,63.0,51.0,24.3,2.7,5.8,0.457,0.9,2.4,0.364,1.8,3.4,0.523,0.533,1.0,1.3,0.788,1.1,2.1,3.2,3.0,0.7,0.2,1.1,2.5,7.2,,,0.21492537313432836,0.28037383177570097,0.24806201550387597,0.25925925925925924,0.06451612903225806,0.5486194477791116,,0.364,0.21238938053097342,0.275,0.5812431842966194,0.523,0.2125,0.6236263736263736,0.788,0.6219512195121951,
253.0,Day'Ron Sharpe,24.0,BRK,C,62.0,7.0,18.7,3.5,5.7,0.601,0.1,0.6,0.231,3.3,5.1,0.647,0.614,1.7,2.5,0.678,2.8,3.9,6.7,2.3,1.1,0.4,1.7,2.4,8.7,,,0.2597014925373134,0.21495327102803738,0.5193798449612403,0.40740740740740744,0.12903225806451613,0.7214885954381752,,0.231,0.053097345132743355,0.425,0.6695747001090512,0.647,0.31875,0.4697802197802197,0.678,0.08536585365853659,
404.0,Ochai Agbaji,25.0,2TM,SG,62.0,13.0,15.7,2.0,4.5,0.436,0.5,2.1,0.266,1.4,2.5,0.579,0.496,0.6,0.7,0.837,0.7,1.5,2.3,0.8,0.4,0.3,0.5,1.5,5.1,,,0.15223880597014924,0.07476635514018692,0.17829457364341084,0.14814814814814814,0.0967741935483871,0.5234093637454982,,0.266,0.18584070796460175,0.125,0.5408942202835333,0.579,0.15625,0.3873626373626374,0.837,0.15853658536585366,
362.0,Kobe Brown,26.0,2TM,PF,61.0,10.0,15.8,2.1,4.4,0.469,0.9,2.3,0.374,1.2,2.2,0.568,0.565,0.8,1.0,0.797,1.1,1.9,3.0,1.3,0.4,0.2,0.9,1.1,5.8,,,0.17313432835820894,0.12149532710280375,0.23255813953488372,0.14814814814814814,0.06451612903225806,0.5630252100840336,,0.374,0.20353982300884954,0.225,0.6161395856052344,0.568,0.1375,0.39010989010989017,0.797,0.12195121951219512,
196.0,Marvin Bagley III,26.0,2TM,PF,60.0,12.0,20.0,4.2,6.9,0.618,0.4,0.9,0.462,3.8,6.0,0.641,0.647,1.6,2.4,0.66,2.5,3.6,6.1,1.4,0.5,0.7,1.0,2.1,10.5,,,0.31343283582089554,0.1308411214953271,0.4728682170542635,0.18518518518518517,0.2258064516129032,0.7418967587034814,,0.462,0.07964601769911504,0.25,0.7055616139585605,0.641,0.375,0.5054945054945055,0.66,0.14634146341463414,
174.0,Mark Williams,24.0,PHO,C,60.0,55.0,23.6,4.7,7.3,0.644,0.0,0.0,1.0,4.7,7.3,0.643,0.645,2.3,2.9,0.771,3.1,4.9,8.0,1.0,0.9,0.9,1.1,2.2,11.7,,,0.3492537313432836,0.09345794392523366,0.6201550387596899,0.3333333333333333,0.2903225806451613,0.773109243697479,,1.0,0.0,0.275,0.7033805888767721,0.643,0.45625,0.6043956043956045,0.771,0.6707317073170732,
